品牌,型号,名称,分组,后置原因,类型,处理建议
IPS,CF6200,数字会议主机,模拟会讨系统（停产-销库存）,中控(V2),超V1范围(已分类),V1 不处理；V2/V3 阶段按规划纳入
IPS,CF6800W,无线数字会议主机,模拟会讨系统（停产-销库存）,中控(V2),超V1范围(已分类),V1 不处理；V2/V3 阶段按规划纳入
IPS,DP130,智慧物联中控,DP控制器产品系列,中控(V2),超V1范围(已分类),V1 不处理；V2/V3 阶段按规划纳入
IPS,DX120CS,分布式节点服务器,视频产品,中控(V2),超V1范围(已分类),V1 不处理；V2/V3 阶段按规划纳入
IPS,DX120CS,分布式节点服务器,视频产品,中控(V2),超V1范围(已分类),V1 不处理；V2/V3 阶段按规划纳入
IPS,DX120D-HD-KVM,H.264/H.265解码器,视频产品,中控(V2),超V1范围(已分类),V1 不处理；V2/V3 阶段按规划纳入
IPS,DX120E-HD-KVM,H.264/H.265编码器,视频产品,中控(V2),超V1范围(已分类),V1 不处理；V2/V3 阶段按规划纳入
IPS,DX120M-HD,多画面解码器,视频产品,中控(V2),超V1范围(已分类),V1 不处理；V2/V3 阶段按规划纳入
IPS,PS310UN,10路智能电源管理器（网络版）,PDU电源管理器产品系列,中控(V2),超V1范围(已分类),V1 不处理；V2/V3 阶段按规划纳入
Symetrix,Prism 0x0*,数字音频处理器,Prism系列,中控(V2),超V1范围(已分类),V1 不处理；V2/V3 阶段按规划纳入
Symetrix,Prism 12x12,数字音频处理器,Prism系列,中控(V2),超V1范围(已分类),V1 不处理；V2/V3 阶段按规划纳入
Symetrix,Prism 12x12 Dante,数字音频处理器,Prism系列,中控(V2),超V1范围(已分类),V1 不处理；V2/V3 阶段按规划纳入
Symetrix,Prism 12x12*,数字音频处理器,Prism系列,中控(V2),超V1范围(已分类),V1 不处理；V2/V3 阶段按规划纳入
Symetrix,Prism 16x16,数字音频处理器,Prism系列,中控(V2),超V1范围(已分类),V1 不处理；V2/V3 阶段按规划纳入
Symetrix,Prism 16x16 Dante,数字音频处理器,Prism系列,中控(V2),超V1范围(已分类),V1 不处理；V2/V3 阶段按规划纳入
Symetrix,Prism 16x16*,数字音频处理器,Prism系列,中控(V2),超V1范围(已分类),V1 不处理；V2/V3 阶段按规划纳入
Symetrix,Prism 4x4,数字音频处理器,Prism系列,中控(V2),超V1范围(已分类),V1 不处理；V2/V3 阶段按规划纳入
Symetrix,Prism 4x4 Dante,数字音频处理器,Prism系列,中控(V2),超V1范围(已分类),V1 不处理；V2/V3 阶段按规划纳入
Symetrix,Prism 4x4*,数字音频处理器,Prism系列,中控(V2),超V1范围(已分类),V1 不处理；V2/V3 阶段按规划纳入
Symetrix,Prism 8x8,数字音频处理器,Prism系列,中控(V2),超V1范围(已分类),V1 不处理；V2/V3 阶段按规划纳入
Symetrix,Prism 8x8 Dante,数字音频处理器,Prism系列,中控(V2),超V1范围(已分类),V1 不处理；V2/V3 阶段按规划纳入
Symetrix,Prism 8x8*,数字音频处理器,Prism系列,中控(V2),超V1范围(已分类),V1 不处理；V2/V3 阶段按规划纳入
Televic,D-Cerno CU,中控单元,D-Cerno数字会议讨论系统,中控(V2),超V1范围(已分类),V1 不处理；V2/V3 阶段按规划纳入
Televic,D-Cerno CUR,中控单元,D-Cerno数字会议讨论系统,中控(V2),超V1范围(已分类),V1 不处理；V2/V3 阶段按规划纳入
定制,定制,智慧物联系统现场实施（组合会议室、培训室、报告厅，不含差旅）,DP控制器产品系列,中控(V2),超V1范围(已分类),V1 不处理；V2/V3 阶段按规划纳入
腾讯,SWL90003,腾讯会议rooms（100方）,客户端应用（配合物联控制硬件）,中控(V2),超V1范围(已分类),V1 不处理；V2/V3 阶段按规划纳入
IPS,XP100-CP2E,集中控制卡,视频产品,灯光(V3),超V1范围(已分类),V1 不处理；V2/V3 阶段按规划纳入
Naostage,Kapta 640,舞台追踪相机,,灯光(V3),超V1范围(已分类),V1 不处理；V2/V3 阶段按规划纳入
ALLEN&HEATH,ZEDi10FX,10通道现场+USB录音模拟调音台带FX,New ZED,电源/PDU(非信号),超V1范围(已分类),V1 不处理；V2/V3 阶段按规划纳入
Apart,NETKIT-IR,多功能4 x 调幅/调频 RDS收音机&音源,控制工具,电源/PDU(非信号),超V1范围(已分类),V1 不处理；V2/V3 阶段按规划纳入
Apart,NETKIT-RS,红外&串行控制接口盒,控制工具,电源/PDU(非信号),超V1范围(已分类),V1 不处理；V2/V3 阶段按规划纳入
FURMAN,AC-210A E,10A紧凑型电源调节器,紧凑型电源调节器,电源/PDU(非信号),超V1范围(已分类),V1 不处理；V2/V3 阶段按规划纳入
FURMAN,BB-RS232,RS232适配器,替换电源,电源/PDU(非信号),超V1范围(已分类),V1 不处理；V2/V3 阶段按规划纳入
FURMAN,CN-3600S E,"电源调节器/时序器,",电源时序器/调节器,电源/PDU(非信号),超V1范围(已分类),V1 不处理；V2/V3 阶段按规划纳入
FURMAN,F1500-UPS E,不间断电源 备份电源/电源调节器,不间断电源,电源/PDU(非信号),超V1范围(已分类),V1 不处理；V2/V3 阶段按规划纳入
FURMAN,GN-I,鹅 颈 灯,鹅 颈 灯,电源/PDU(非信号),超V1范围(已分类),V1 不处理；V2/V3 阶段按规划纳入
FURMAN,GN-LED,鹅 颈 灯,鹅 颈 灯,电源/PDU(非信号),超V1范围(已分类),V1 不处理；V2/V3 阶段按规划纳入
FURMAN,M-10Dz E,10A紧凑型电源调节器,MERIT Z 系列电源调节器,电源/PDU(非信号),超V1范围(已分类),V1 不处理；V2/V3 阶段按规划纳入
FURMAN,M-10Lz E,10A紧凑型电源调节器,MERIT Z 系列电源调节器,电源/PDU(非信号),超V1范围(已分类),V1 不处理；V2/V3 阶段按规划纳入
FURMAN,M-10x E,10A紧凑型电源调节器,Zone Mix 761,电源/PDU(非信号),超V1范围(已分类),V1 不处理；V2/V3 阶段按规划纳入
FURMAN,M-10x E,10A紧凑型电源调节器,Jupiter系列,电源/PDU(非信号),超V1范围(已分类),V1 不处理；V2/V3 阶段按规划纳入
FURMAN,M-10z E,10A紧凑型电源调节器,MERIT Z 系列电源调节器,电源/PDU(非信号),超V1范围(已分类),V1 不处理；V2/V3 阶段按规划纳入
FURMAN,P-1400 AR E,6A高级稳压器/电源调节器,PRESTIGE 系列稳压器/电源调节器,电源/PDU(非信号),超V1范围(已分类),V1 不处理；V2/V3 阶段按规划纳入
FURMAN,PL-8C E,10A紧凑型电源调节器,dLive系列,电源/PDU(非信号),超V1范围(已分类),V1 不处理；V2/V3 阶段按规划纳入
FURMAN,PL-8C E,10A紧凑型电源调节器,CLASSIC系列电源调节器,电源/PDU(非信号),超V1范围(已分类),V1 不处理；V2/V3 阶段按规划纳入
FURMAN,PL-8C E,10A紧凑型电源调节器,Edge系列,电源/PDU(非信号),超V1范围(已分类),V1 不处理；V2/V3 阶段按规划纳入
FURMAN,PL-8C E,10A紧凑型电源调节器,Radius NX系列,电源/PDU(非信号),超V1范围(已分类),V1 不处理；V2/V3 阶段按规划纳入
FURMAN,PL-8C E,10A紧凑型电源调节器,Prism系列,电源/PDU(非信号),超V1范围(已分类),V1 不处理；V2/V3 阶段按规划纳入
FURMAN,PL-8C E,10A紧凑型电源调节器,Solus NX系列,电源/PDU(非信号),超V1范围(已分类),V1 不处理；V2/V3 阶段按规划纳入
FURMAN,PL-PLUS C E,10A紧凑型电源调节器,CLASSIC系列电源调节器,电源/PDU(非信号),超V1范围(已分类),V1 不处理；V2/V3 阶段按规划纳入
FURMAN,PL-PRO DMC E,16A紧凑型电源调节器,dLive系列,电源/PDU(非信号),超V1范围(已分类),V1 不处理；V2/V3 阶段按规划纳入
FURMAN,PL-PRO DMC E,16A紧凑型电源调节器,EXBOX.MD冗余电源,电源/PDU(非信号),超V1范围(已分类),V1 不处理；V2/V3 阶段按规划纳入
FURMAN,PL-PRO DMC E,16A紧凑型电源调节器,CLASSIC系列电源调节器,电源/PDU(非信号),超V1范围(已分类),V1 不处理；V2/V3 阶段按规划纳入
FURMAN,PL-PRO DMC E,16A紧凑型电源调节器,,电源/PDU(非信号),超V1范围(已分类),V1 不处理；V2/V3 阶段按规划纳入
FURMAN,PL-PRO DMC E,16A紧凑型电源调节器,Server D100系列,电源/PDU(非信号),超V1范围(已分类),V1 不处理；V2/V3 阶段按规划纳入
FURMAN,PL-PRO DMC E,16A紧凑型电源调节器,,电源/PDU(非信号),超V1范围(已分类),V1 不处理；V2/V3 阶段按规划纳入
FURMAN,PL-PRO DMC E,16A紧凑型电源调节器,,电源/PDU(非信号),超V1范围(已分类),V1 不处理；V2/V3 阶段按规划纳入
FURMAN,PL-PRO DMC E,16A紧凑型电源调节器,,电源/PDU(非信号),超V1范围(已分类),V1 不处理；V2/V3 阶段按规划纳入
FURMAN,PL-PRO DMC E,16A紧凑型电源调节器,四通道4K专业版媒体服务器-加强版机箱,电源/PDU(非信号),超V1范围(已分类),V1 不处理；V2/V3 阶段按规划纳入
FURMAN,PL-PRO DMC E,16A紧凑型电源调节器,双通道4k超级版媒体服务器,电源/PDU(非信号),超V1范围(已分类),V1 不处理；V2/V3 阶段按规划纳入
FURMAN,PL-PRO DMC E,16A紧凑型电源调节器,双通道4k超级版媒体服务器-加强版机箱,电源/PDU(非信号),超V1范围(已分类),V1 不处理；V2/V3 阶段按规划纳入
FURMAN,PL-PRO DMC E,16A紧凑型电源调节器,该平台依赖于Kinetic Designer，这是一个功能强大的用户界面，带有一个专用工作站，连接到一个或多个VNode媒体服务器。（KINETIC项目必选）,电源/PDU(非信号),超V1范围(已分类),V1 不处理；V2/V3 阶段按规划纳入
FURMAN,PL-PRO DMC E,16A紧凑型电源调节器,全媒体服务器-管理核心-加强版机箱,电源/PDU(非信号),超V1范围(已分类),V1 不处理；V2/V3 阶段按规划纳入
FURMAN,PL-PRO DMC E,16A紧凑型电源调节器,全媒体服务器四通道4K渲染终端,电源/PDU(非信号),超V1范围(已分类),V1 不处理；V2/V3 阶段按规划纳入
FURMAN,PL-PRO DMC E,16A紧凑型电源调节器,全媒体服务器四通道4K渲染终端-加强版机箱,电源/PDU(非信号),超V1范围(已分类),V1 不处理；V2/V3 阶段按规划纳入
FURMAN,PS-8RE III,带时序功能的电源调节器,电源时序器/调节器,电源/PDU(非信号),超V1范围(已分类),V1 不处理；V2/V3 阶段按规划纳入
FURMAN,电源转换线1.8m*m2,电源转换线,电源线,电源/PDU(非信号),超V1范围(已分类),V1 不处理；V2/V3 阶段按规划纳入
Lyntec,PDS-10,时序电源控制器,周边设备,电源/PDU(非信号),超V1范围(已分类),V1 不处理；V2/V3 阶段按规划纳入
YAMAHA,Rio1608-D3,扩展接口箱,RIVAGE PM系列,电源/PDU(非信号),超V1范围(已分类),V1 不处理；V2/V3 阶段按规划纳入
YAMAHA,Rio3224-D3,扩展接口箱,RIVAGE PM系列,电源/PDU(非信号),超V1范围(已分类),V1 不处理；V2/V3 阶段按规划纳入
ezCloud,V3.0,智慧会议集中控制管理系统,服务端（一个项目一般配一组，如A组、B组）,电源/PDU(非信号),超V1范围(已分类),V1 不处理；V2/V3 阶段按规划纳入
ezacoustics,TS电源分配器,巡演2U机柜电源分配器,巡演系列功放机柜及辅材,电源/PDU(非信号),超V1范围(已分类),V1 不处理；V2/V3 阶段按规划纳入
ALLEN&HEATH,dLive C1500,数字调音台界面,dLive系列,视频(V3),超V1范围(已分类),V1 不处理；V2/V3 阶段按规划纳入
ALLEN&HEATH,dLive C2500,数字调音台界面,dLive系列,视频(V3),超V1范围(已分类),V1 不处理；V2/V3 阶段按规划纳入
ALLEN&HEATH,dLive C3500,数字调音台界面,dLive系列,视频(V3),超V1范围(已分类),V1 不处理；V2/V3 阶段按规划纳入
ALLEN&HEATH,dLive CTi1500,数字调音台界面,dLive系列,视频(V3),超V1范围(已分类),V1 不处理；V2/V3 阶段按规划纳入
ALLEN&HEATH,dLive S3000,数字调音台界面,dLive系列,视频(V3),超V1范围(已分类),V1 不处理；V2/V3 阶段按规划纳入
ALLEN&HEATH,dLive S5000,数字调音台界面,dLive系列,视频(V3),超V1范围(已分类),V1 不处理；V2/V3 阶段按规划纳入
ALLEN&HEATH,dLive S7000,数字调音台界面,dLive系列,视频(V3),超V1范围(已分类),V1 不处理；V2/V3 阶段按规划纳入
IPS,CF6200MS,会议系统管理软件,模拟会讨系统（数字控制-模拟传输）,视频(V3),超V1范围(已分类),V1 不处理；V2/V3 阶段按规划纳入
IPS,CF6200MS,会议系统管理软件,模拟会讨系统（停产-销库存）,视频(V3),超V1范围(已分类),V1 不处理；V2/V3 阶段按规划纳入
IPS,CF6800,全数字会议主机,数字会讨系统（数字控制-数字传输）,视频(V3),超V1范围(已分类),V1 不处理；V2/V3 阶段按规划纳入
IPS,CF6800L,全数字会议主机,数字会讨系统（数字控制-数字传输）,视频(V3),超V1范围(已分类),V1 不处理；V2/V3 阶段按规划纳入
IPS,CF6800MS V1,会议系统管理软件,数字会讨系统（数字控制-数字传输）,视频(V3),超V1范围(已分类),V1 不处理；V2/V3 阶段按规划纳入
IPS,CS B-REL0820,8路大电流继电器,CS传感器产品系列,视频(V3),超V1范围(已分类),V1 不处理；V2/V3 阶段按规划纳入
IPS,CTS-1050NWP,10.1寸桌面控制触摸屏,CTS智慧屏产品系列,视频(V3),超V1范围(已分类),V1 不处理；V2/V3 阶段按规划纳入
IPS,DIO 4x4,Dante接口盒,音频接口盒,视频(V3),超V1范围(已分类),V1 不处理；V2/V3 阶段按规划纳入
IPS,DP100A,智慧物联网关,DP控制器产品系列,视频(V3),超V1范围(已分类),V1 不处理；V2/V3 阶段按规划纳入
IPS,DP100B,智慧物联网关,DP控制器产品系列,视频(V3),超V1范围(已分类),V1 不处理；V2/V3 阶段按规划纳入
IPS,DX120-pad-license-v2,可视化控制软件,视频产品,视频(V3),超V1范围(已分类),V1 不处理；V2/V3 阶段按规划纳入
IPS,DX130-CMS100,可视化运维管理平台,视频产品,视频(V3),超V1范围(已分类),V1 不处理；V2/V3 阶段按规划纳入
IPS,DX130-CMS300,可视化运维管理平台,视频产品,视频(V3),超V1范围(已分类),V1 不处理；V2/V3 阶段按规划纳入
IPS,DX130-CMS500,可视化运维管理平台,视频产品,视频(V3),超V1范围(已分类),V1 不处理；V2/V3 阶段按规划纳入
IPS,DX130-pad-Android,可视化管控平台（Android）,视频产品,视频(V3),超V1范围(已分类),V1 不处理；V2/V3 阶段按规划纳入
IPS,DX130-pad-PC,可视化管控平台（PC）,视频产品,视频(V3),超V1范围(已分类),V1 不处理；V2/V3 阶段按规划纳入
IPS,DX130D-4K,H.264/H.265解码器,视频产品,视频(V3),超V1范围(已分类),V1 不处理；V2/V3 阶段按规划纳入
IPS,DX130D-4K-KW,H.264解码器（4K）,视频产品,视频(V3),超V1范围(已分类),V1 不处理；V2/V3 阶段按规划纳入
IPS,DX130D-HD-KW,H.264解码器,视频产品,视频(V3),超V1范围(已分类),V1 不处理；V2/V3 阶段按规划纳入
IPS,DX130E-4K,H.264/H.265编码器,视频产品,视频(V3),超V1范围(已分类),V1 不处理；V2/V3 阶段按规划纳入
IPS,DX130E-4K-KW,H.264编码器（4K）,视频产品,视频(V3),超V1范围(已分类),V1 不处理；V2/V3 阶段按规划纳入
IPS,DX130E-HD-KW,H.264编码器,视频产品,视频(V3),超V1范围(已分类),V1 不处理；V2/V3 阶段按规划纳入
IPS,DX200D-4K-KVM,JPEG2000解码器,视频产品,视频(V3),超V1范围(已分类),V1 不处理；V2/V3 阶段按规划纳入
IPS,DX200E-4K-KVM,JPEG2000编码器,视频产品,视频(V3),超V1范围(已分类),V1 不处理；V2/V3 阶段按规划纳入
IPS,LBR-CP3,网络控制面板,音频处理器,视频(V3),超V1范围(已分类),V1 不处理；V2/V3 阶段按规划纳入
IPS,MS200,智能语音转写一体机,MS服务主机产品系列,视频(V3),超V1范围(已分类),V1 不处理；V2/V3 阶段按规划纳入
IPS,RCI-3B,Aries 控制面板（黑色）,音频处理器,视频(V3),超V1范围(已分类),V1 不处理；V2/V3 阶段按规划纳入
IPS,RCI-3W,Aries 控制面板（白色）,音频处理器,视频(V3),超V1范围(已分类),V1 不处理；V2/V3 阶段按规划纳入
IPS,VCM-TM01,VCM摄像机-天花吊装支架,视频产品,视频(V3),超V1范围(已分类),V1 不处理；V2/V3 阶段按规划纳入
IPS,VCM-TM02,VCM摄像机-墙壁安装架,视频产品,视频(V3),超V1范围(已分类),V1 不处理；V2/V3 阶段按规划纳入
IPS,VCM-WM01,VCM摄像机-墙壁安装架,视频产品,视频(V3),超V1范围(已分类),V1 不处理；V2/V3 阶段按规划纳入
IPS,VCM-WM02,VCM摄像机-墙壁安装架,视频产品,视频(V3),超V1范围(已分类),V1 不处理；V2/V3 阶段按规划纳入
IPS,VCM-WM03,VCM摄像机-墙壁安装架,视频产品,视频(V3),超V1范围(已分类),V1 不处理；V2/V3 阶段按规划纳入
IPS,VCM101-HD10X,高清会议摄像机,视频产品,视频(V3),超V1范围(已分类),V1 不处理；V2/V3 阶段按规划纳入
IPS,VCM102-HD20X,高清会议摄像机,视频产品,视频(V3),超V1范围(已分类),V1 不处理；V2/V3 阶段按规划纳入
IPS,VCM120C-4K20X,4K云台摄像机,视频产品,视频(V3),超V1范围(已分类),V1 不处理；V2/V3 阶段按规划纳入
IPS,VCM120D-HD40X,40X云台摄像机,视频产品,视频(V3),超V1范围(已分类),V1 不处理；V2/V3 阶段按规划纳入
IPS,VCM121N-HD20X,双输出SDI+IP云台摄像机,视频产品,视频(V3),超V1范围(已分类),V1 不处理；V2/V3 阶段按规划纳入
IPS,VCM200-HD12X,高清会议摄像机,视频产品,视频(V3),超V1范围(已分类),V1 不处理；V2/V3 阶段按规划纳入
IPS,VCM200-HD20X,高清会议摄像机,视频产品,视频(V3),超V1范围(已分类),V1 不处理；V2/V3 阶段按规划纳入
IPS,VCM300-4K12X,4K12XAI追踪云台摄像机,视频产品,视频(V3),超V1范围(已分类),V1 不处理；V2/V3 阶段按规划纳入
IPS,VCM300-4K30X,4K30XAI追踪云台摄像机,视频产品,视频(V3),超V1范围(已分类),V1 不处理；V2/V3 阶段按规划纳入
IPS,WP210 USB,USB收发器,MT融合会议产品系列,视频(V3),超V1范围(已分类),V1 不处理；V2/V3 阶段按规划纳入
IPS,WV200DA,专用表决软件,其他会议系统（前级）,视频(V3),超V1范围(已分类),V1 不处理；V2/V3 阶段按规划纳入
IPS,XP100-1010,高清混合矩阵,视频产品,视频(V3),超V1范围(已分类),V1 不处理；V2/V3 阶段按规划纳入
IPS,XP100-1616,高清混合矩阵,视频产品,视频(V3),超V1范围(已分类),V1 不处理；V2/V3 阶段按规划纳入
IPS,XP100-3636,高清混合矩阵,视频产品,视频(V3),超V1范围(已分类),V1 不处理；V2/V3 阶段按规划纳入
Nureva,CM-HDL200,HDL200摄像头支架,,视频(V3),超V1范围(已分类),V1 不处理；V2/V3 阶段按规划纳入
Nureva,CV30 kit,Nureva摄像机套装,,视频(V3),超V1范围(已分类),V1 不处理；V2/V3 阶段按规划纳入
Symetrix,ARC-3,外部控制器,网络型墙面控制器,视频(V3),超V1范围(已分类),V1 不处理；V2/V3 阶段按规划纳入
Symetrix,Solus NX 16x8,数字音频处理器,Solus NX系列,视频(V3),超V1范围(已分类),V1 不处理；V2/V3 阶段按规划纳入
Symetrix,Solus NX 4x4,数字音频处理器,Solus NX系列,视频(V3),超V1范围(已分类),V1 不处理；V2/V3 阶段按规划纳入
Symetrix,Solus NX 8x8,数字音频处理器,Solus NX系列,视频(V3),超V1范围(已分类),V1 不处理；V2/V3 阶段按规划纳入
Symetrix,xControl,数字音频处理器,输入输出扩展卡,视频(V3),超V1范围(已分类),V1 不处理；V2/V3 阶段按规划纳入
Televic,Confidea CI G3,无线主席\同传单元,Confidea无线会议系统,视频(V3),超V1范围(已分类),V1 不处理；V2/V3 阶段按规划纳入
Televic,Confidea CIV G3,无线全功能主席单元,Confidea无线会议系统,视频(V3),超V1范围(已分类),V1 不处理；V2/V3 阶段按规划纳入
Televic,Confidea DI G3,无线代表\同传单元,Confidea无线会议系统,视频(V3),超V1范围(已分类),V1 不处理；V2/V3 阶段按规划纳入
Televic,Confidea T-CI,主席\译员单元,Plixus多媒体会议系统,视频(V3),超V1范围(已分类),V1 不处理；V2/V3 阶段按规划纳入
Televic,Confidea T-CIV,全功能主席\译员单元,Plixus多媒体会议系统,视频(V3),超V1范围(已分类),V1 不处理；V2/V3 阶段按规划纳入
Televic,Confidea T-CV,主席讨论单元,Plixus多媒体会议系统,视频(V3),超V1范围(已分类),V1 不处理；V2/V3 阶段按规划纳入
Televic,Confidea T-DI,代表\译员单元,Plixus多媒体会议系统,视频(V3),超V1范围(已分类),V1 不处理；V2/V3 阶段按规划纳入
Televic,Confidea T-DIV,全功能代表\译员单元,Plixus多媒体会议系统,视频(V3),超V1范围(已分类),V1 不处理；V2/V3 阶段按规划纳入
Televic,Confidea T-DV,代表讨论单元,Plixus多媒体会议系统,视频(V3),超V1范围(已分类),V1 不处理；V2/V3 阶段按规划纳入
Televic,T-CAM Camera(报关型号为VC-302),IP摄像机套件,T-Cam摄像头跟踪系统,视频(V3),超V1范围(已分类),V1 不处理；V2/V3 阶段按规划纳入
Televic,T-CAM Package,摄像头跟踪系统,T-Cam摄像头跟踪系统,视频(V3),超V1范围(已分类),V1 不处理；V2/V3 阶段按规划纳入
Televic,uniCOS F/MM10,多媒体嵌入式代表/主席单元-10寸,Plixus多媒体会议系统,视频(V3),超V1范围(已分类),V1 不处理；V2/V3 阶段按规划纳入
Televic,uniCOS F/MM7,多媒体嵌入式代表/主席单元-7寸,Plixus多媒体会议系统,视频(V3),超V1范围(已分类),V1 不处理；V2/V3 阶段按规划纳入
Televic,uniCOS T/MM10,多媒体桌面代表/主席单元-10寸,Plixus多媒体会议系统,视频(V3),超V1范围(已分类),V1 不处理；V2/V3 阶段按规划纳入
Visionary,D4100,音视频解码器（盒式）,4 SERIES and Duet-2（原有产品）,视频(V3),超V1范围(已分类),V1 不处理；V2/V3 阶段按规划纳入
Visionary,D4200,音视频解码器（盒式）,4 SERIES and Duet-2（原有产品）,视频(V3),超V1范围(已分类),V1 不处理；V2/V3 阶段按规划纳入
Visionary,D5000,音视频解码器（盒式）,5 SERIES and Duet-5,视频(V3),超V1范围(已分类),V1 不处理；V2/V3 阶段按规划纳入
Visionary,D5100,音视频解码器（盒式）,5 SERIES and Duet-5,视频(V3),超V1范围(已分类),V1 不处理；V2/V3 阶段按规划纳入
Visionary,D5200,音视频解码器（盒式）,5 SERIES and Duet-5,视频(V3),超V1范围(已分类),V1 不处理；V2/V3 阶段按规划纳入
Visionary,DuetD-2,音视频解码器（盒式）,4 SERIES and Duet-2（原有产品）,视频(V3),超V1范围(已分类),V1 不处理；V2/V3 阶段按规划纳入
Visionary,DuetD-5,音视频解码器（盒式）,5 SERIES and Duet-5,视频(V3),超V1范围(已分类),V1 不处理；V2/V3 阶段按规划纳入
Visionary,DuetE-2,音视频编码器（盒式）,4 SERIES and Duet-2（原有产品）,视频(V3),超V1范围(已分类),V1 不处理；V2/V3 阶段按规划纳入
Visionary,DuetE-5,音视频编码器（盒式）,5 SERIES and Duet-5,视频(V3),超V1范围(已分类),V1 不处理；V2/V3 阶段按规划纳入
Visionary,E4100,音视频编码器（盒式）,4 SERIES and Duet-2（原有产品）,视频(V3),超V1范围(已分类),V1 不处理；V2/V3 阶段按规划纳入
Visionary,E4200,音视频编码器（盒式）,4 SERIES and Duet-2（原有产品）,视频(V3),超V1范围(已分类),V1 不处理；V2/V3 阶段按规划纳入
Visionary,E5100,音视频编码器（盒式）,5 SERIES and Duet-5,视频(V3),超V1范围(已分类),V1 不处理；V2/V3 阶段按规划纳入
Visionary,E5200,音视频编码器（盒式）,5 SERIES and Duet-5,视频(V3),超V1范围(已分类),V1 不处理；V2/V3 阶段按规划纳入
WolfVision,Cynap Core,演示与协作系统,演示与协作系统,视频(V3),超V1范围(已分类),V1 不处理；V2/V3 阶段按规划纳入
WolfVision,Cynap Core Pro,演示与协作系统,演示与协作系统,视频(V3),超V1范围(已分类),V1 不处理；V2/V3 阶段按规划纳入
WolfVision,Cynap Pure,演示与协作系统,演示与协作系统,视频(V3),超V1范围(已分类),V1 不处理；V2/V3 阶段按规划纳入
WolfVision,Cynap Pure Mini,演示与协作系统,演示与协作系统,视频(V3),超V1范围(已分类),V1 不处理；V2/V3 阶段按规划纳入
WolfVision,Cynap Pure Pro,演示与协作系统,演示与协作系统,视频(V3),超V1范围(已分类),V1 不处理；V2/V3 阶段按规划纳入
WolfVision,Cynap – Version A (HDMI),演示与协作系统,演示与协作系统,视频(V3),超V1范围(已分类),V1 不处理；V2/V3 阶段按规划纳入
ezCloud,V1.0,专业扩声系统智能总控平台,服务端（一个项目一般配一组，如A组、B组）,视频(V3),超V1范围(已分类),V1 不处理；V2/V3 阶段按规划纳入
软件,V3.0,智能物联控制系统,DP控制器产品系列,视频(V3),超V1范围(已分类),V1 不处理；V2/V3 阶段按规划纳入
Green-GO,ELC-RMKIT,机架安装套件,Green-GO数字内通系统,通讯(V2),超V1范围(已分类),V1 不处理；V2/V3 阶段按规划纳入
Green-GO,GGO-BEACON,灯光提示器,Green-GO数字内通系统,通讯(V2),超V1范围(已分类),V1 不处理；V2/V3 阶段按规划纳入
Green-GO,GGO-BPX-4M,有线腰包,Green-GO数字内通系统,通讯(V2),超V1范围(已分类),V1 不处理；V2/V3 阶段按规划纳入
Green-GO,GGO-BRIDGEX,内通桥接器,Green-GO数字内通系统,通讯(V2),超V1范围(已分类),V1 不处理；V2/V3 阶段按规划纳入
Green-GO,GGO-DANTEX,DANTE信号转换器,Green-GO数字内通系统,通讯(V2),超V1范围(已分类),V1 不处理；V2/V3 阶段按规划纳入
Green-GO,GGO-GNM300,鹅颈话筒,Green-GO数字内通系统,通讯(V2),超V1范围(已分类),V1 不处理；V2/V3 阶段按规划纳入
Green-GO,GGO-GNM430,鹅颈话筒,Green-GO数字内通系统,通讯(V2),超V1范围(已分类),V1 不处理；V2/V3 阶段按规划纳入
Green-GO,GGO-HS200D,內通双耳机,Green-GO数字内通系统,通讯(V2),超V1范围(已分类),V1 不处理；V2/V3 阶段按规划纳入
Green-GO,GGO-HS200S,內通单耳机,Green-GO数字内通系统,通讯(V2),超V1范围(已分类),V1 不处理；V2/V3 阶段按规划纳入
Green-GO,GGO-HSA05,手握式话筒,Green-GO数字内通系统,通讯(V2),超V1范围(已分类),V1 不处理；V2/V3 阶段按规划纳入
Green-GO,GGO-INTERFACEX,2线+4线内通转换器,Green-GO数字内通系统,通讯(V2),超V1范围(已分类),V1 不处理；V2/V3 阶段按规划纳入
Green-GO,GGO-MCX,机架基站,Green-GO数字内通系统,通讯(V2),超V1范围(已分类),V1 不处理；V2/V3 阶段按规划纳入
Green-GO,GGO-MCXD,桌面基站,Green-GO数字内通系统,通讯(V2),超V1范围(已分类),V1 不处理；V2/V3 阶段按规划纳入
Green-GO,GGO-MCXDEXT,桌面基站扩展,Green-GO数字内通系统,通讯(V2),超V1范围(已分类),V1 不处理；V2/V3 阶段按规划纳入
Green-GO,GGO-MCXEXT,机架基站扩展,Green-GO数字内通系统,通讯(V2),超V1范围(已分类),V1 不处理；V2/V3 阶段按规划纳入
Green-GO,GGO-PSU12V,电源,Green-GO数字内通系统,通讯(V2),超V1范围(已分类),V1 不处理；V2/V3 阶段按规划纳入
Green-GO,GGO-Q4WR,4通道4线内通转换器,Green-GO数字内通系统,通讯(V2),超V1范围(已分类),V1 不处理；V2/V3 阶段按规划纳入
Green-GO,GGO-RDX,对讲机转换器,Green-GO数字内通系统,通讯(V2),超V1范围(已分类),V1 不处理；V2/V3 阶段按规划纳入
Green-GO,GGO-SI2WR,2线内通转换器,Green-GO数字内通系统,通讯(V2),超V1范围(已分类),V1 不处理；V2/V3 阶段按规划纳入
Green-GO,GGO-SI4WR,4线内通转换器,Green-GO数字内通系统,通讯(V2),超V1范围(已分类),V1 不处理；V2/V3 阶段按规划纳入
Green-GO,GGO-STRIDEDAE,同步天线,Green-GO数字内通系统,通讯(V2),超V1范围(已分类),V1 不处理；V2/V3 阶段按规划纳入
Green-GO,GGO-SW18GBX,18口PoE交换机,Green-GO数字内通系统,通讯(V2),超V1范围(已分类),V1 不处理；V2/V3 阶段按规划纳入
Green-GO,GGO-SW5,5口PoE交换机,Green-GO数字内通系统,通讯(V2),超V1范围(已分类),V1 不处理；V2/V3 阶段按规划纳入
Green-GO,GGO-SW81,8口PoE交换机,Green-GO数字内通系统,通讯(V2),超V1范围(已分类),V1 不处理；V2/V3 阶段按规划纳入
Green-GO,GGO-WAA,天线,Green-GO数字内通系统,通讯(V2),超V1范围(已分类),V1 不处理；V2/V3 阶段按规划纳入
Green-GO,GGO-WBPX-EU-4M,无线腰包,Green-GO数字内通系统,通讯(V2),超V1范围(已分类),V1 不处理；V2/V3 阶段按规划纳入
Green-GO,GGO-WPX,墙面基站,Green-GO数字内通系统,通讯(V2),超V1范围(已分类),V1 不处理；V2/V3 阶段按规划纳入
Televic,CoCon Intercom,内部通讯模块,CoCon控制软件,通讯(V2),超V1范围(已分类),V1 不处理；V2/V3 阶段按规划纳入
,AB1608-RK19X,AB1608/DX168机架套件(国产),dLive系列,音频未识别,音频待补参数,人工确认类别或补主要参数后可出图
,AVANT-BRKT/X,Avantis iPad 支架,dLive系列,音频未识别,音频待补参数,人工确认类别或补主要参数后可出图
,CC-BRK,CC-7/10的墙面/玻璃安装支架,dLive系列,音频未识别,音频待补参数,人工确认类别或补主要参数后可出图
,CC-STN,CC-7/10的桌面支架,dLive系列,音频未识别,音频待补参数,人工确认类别或补主要参数后可出图
,DT-SMK,用于标准版DT20/DT02的平面安装耳朵,dLive系列,音频未识别,音频待补参数,人工确认类别或补主要参数后可出图
,DT02/X,48kHz/96kHz 双通道 Dante输入转模拟输出转换盒,dLive系列,音频未识别,音频待补参数,人工确认类别或补主要参数后可出图
,DT20/X,48kHz/96kHz 双通道模拟输入转Dante输出转换盒,dLive系列,音频未识别,音频待补参数,人工确认类别或补主要参数后可出图
ALLEN&HEATH,ER6N5B6SM100UAV,Link Srl 品牌六类网线缆轴,dLive系列,音频未识别,音频待补参数,人工确认类别或补主要参数后可出图
ALLEN&HEATH,IP1-BK-EU,小型控制器,dLive系列,音频未识别,音频待补参数,人工确认类别或补主要参数后可出图
ALLEN&HEATH,IP1-BK-US,小型控制器,dLive系列,音频未识别,音频待补参数,人工确认类别或补主要参数后可出图
ALLEN&HEATH,IP1-WH-EU,小型控制器,dLive系列,音频未识别,音频待补参数,人工确认类别或补主要参数后可出图
ALLEN&HEATH,IP1-WH-EU/X,小型控制器,dLive系列,音频未识别,音频待补参数,人工确认类别或补主要参数后可出图
ALLEN&HEATH,IP1-WH-US,小型控制器,dLive系列,音频未识别,音频待补参数,人工确认类别或补主要参数后可出图
ALLEN&HEATH,MPS-16,电源模块,dLive系列,音频未识别,音频待补参数,人工确认类别或补主要参数后可出图
ALLEN&HEATH,SQ-BRACKETX,SQ 可拆装金属支架,dLive系列,音频未识别,音频待补参数,人工确认类别或补主要参数后可出图
ATTEROTECH,,Dante网络音频监听机,机架式Dante/AES67监听机,音频未识别,音频待补参数,人工确认类别或补主要参数后可出图
ATTEROTECH,,寻呼台,寻呼台,音频未识别,音频待补参数,人工确认类别或补主要参数后可出图
ATTEROTECH,,寻呼台,寻呼台,音频未识别,音频待补参数,人工确认类别或补主要参数后可出图
AUDIX,A10,入耳式耳机,入耳式耳机,音频未识别,音频待补参数,人工确认类别或补主要参数后可出图
AUDIX,A140,耳机,头戴式耳机,音频未识别,音频待补参数,人工确认类别或补主要参数后可出图
AUDIX,A150,耳机,耳机,音频未识别,音频待补参数,人工确认类别或补主要参数后可出图
AUDIX,PLENHSEM3,网线接头黄铜压力保护罩,转接线,音频未识别,音频待补参数,人工确认类别或补主要参数后可出图
AUDIX,PLENHSEM3,网线接头黄铜压力保护罩,转接线,音频未识别,音频待补参数,人工确认类别或补主要参数后可出图
AUDIX,TM2SP,入耳式耳机测量声学耦合器,入耳式耳机测量声学耦合器,音频未识别,音频待补参数,人工确认类别或补主要参数后可出图
Apart,ALINP,本地输入面板,控制设备,音频未识别,音频待补参数,人工确认类别或补主要参数后可出图
Apart,DIPEX,扩展模块,控制设备,音频未识别,音频待补参数,人工确认类别或补主要参数后可出图
Apart,DIWAC,数字程序墙面控制器,控制设备,音频未识别,音频待补参数,人工确认类别或补主要参数后可出图
Apart,E-MODON,墙面控制器安装背盒,控制设备,音频未识别,音频待补参数,人工确认类别或补主要参数后可出图
Apart,E-VOL120,定压单声道墙面音量控制器,控制设备,音频未识别,音频待补参数,人工确认类别或补主要参数后可出图
Apart,E-VOL20 White,定压单声道墙面音量控制器,控制设备,音频未识别,音频待补参数,人工确认类别或补主要参数后可出图
Apart,E-VOL40 WHITE,定压单声道墙面音量控制器,控制设备,音频未识别,音频待补参数,人工确认类别或补主要参数后可出图
Apart,E-VOL60 WHITE,定压单声道墙面音量控制器,控制设备,音频未识别,音频待补参数,人工确认类别或补主要参数后可出图
Apart,MASK2CMT-W,支柱安装支架套件,MASK支架套件,音频未识别,音频待补参数,人工确认类别或补主要参数后可出图
Apart,N-MODIN,墙面控制器安装背盒,控制设备,音频未识别,音频待补参数,人工确认类别或补主要参数后可出图
Apart,N-VOLST-W,立体声音量控制器,控制设备,音频未识别,音频待补参数,人工确认类别或补主要参数后可出图
Apart,SVC4,4区立体声音量控制,控制设备,音频未识别,音频待补参数,人工确认类别或补主要参数后可出图
Astro Spatial Audio,UG1,Astro Spatial Audio 升级1：从Player版本升级到Production Studio,三维声空间音频服务器,音频未识别,音频待补参数,人工确认类别或补主要参数后可出图
Astro Spatial Audio,UG2,Astro Spatial Audio 升级2：从Production Studio版本升级到Live,三维声空间音频服务器,音频未识别,音频待补参数,人工确认类别或补主要参数后可出图
Astro Spatial Audio,UG3,Astro Spatial Audio 升级3：从Live版本升级到RSM,三维声空间音频服务器,音频未识别,音频待补参数,人工确认类别或补主要参数后可出图
Astro Spatial Audio,UG4,Astro Spatial Audio 升级4：从Player版本升级到Live,三维声空间音频服务器,音频未识别,音频待补参数,人工确认类别或补主要参数后可出图
Astro Spatial Audio,UG5,Astro Spatial Audio 升级5：从Player版本升级到RSM,三维声空间音频服务器,音频未识别,音频待补参数,人工确认类别或补主要参数后可出图
Astro Spatial Audio,UG6,Astro Spatial Audio 升级6：从Production Studio版本升级到RSM,三维声空间音频服务器,音频未识别,音频待补参数,人工确认类别或补主要参数后可出图
Astro Spatial Audio,services,系统调试服务,三维声空间音频服务器,音频未识别,音频待补参数,人工确认类别或补主要参数后可出图
Community,ENT-CB1,联接支架,E系列,音频未识别,音频待补参数,人工确认类别或补主要参数后可出图
Community,ENT-FRW,全频三分频线性音柱,E系列,音频未识别,音频待补参数,人工确认类别或补主要参数后可出图
Community,ENT-LF,低频线性音柱,E系列,音频未识别,音频待补参数,人工确认类别或补主要参数后可出图
Community,IV6-LAU,IV6轻型阵列框架适配U型支架,I系列,音频未识别,音频待补参数,人工确认类别或补主要参数后可出图
Community,IV6-S1,0°展开支架,I系列,音频未识别,音频待补参数,人工确认类别或补主要参数后可出图
Community,IV6-S2,-2.5°展开支架,I系列,音频未识别,音频待补参数,人工确认类别或补主要参数后可出图
Community,IV6-S3,-5°展开支架,I系列,音频未识别,音频待补参数,人工确认类别或补主要参数后可出图
Community,MX-Y10B,墙壁支架,M-CLASS系列配件,音频未识别,音频待补参数,人工确认类别或补主要参数后可出图
Community,MX-Y8B,墙壁支架,M-CLASS系列配件,音频未识别,音频待补参数,人工确认类别或补主要参数后可出图
EAW,2041783 Anya Ccover (Covers 3 or 4 Anya Modules),Anya保护罩,Anya,音频未识别,音频待补参数,人工确认类别或补主要参数后可出图
EAW,2042482 Distro Rack Pallet,配线箱托盘车,"配件（Anya,Anna和Otto通用）",音频未识别,音频待补参数,人工确认类别或补主要参数后可出图
EAW,2042545 Distro Rack (Suports 12 Modules @ 230V),配线箱机架,"配件（Anya,Anna和Otto通用）",音频未识别,音频待补参数,人工确认类别或补主要参数后可出图
EAW,2042596 Distro Rack Flybar,配线箱吊装架,"配件（Anya,Anna和Otto通用）",音频未识别,音频待补参数,人工确认类别或补主要参数后可出图
EAW,2044434 Otto Cover (Covers 3 Otto module),Otto保护罩,Otto,音频未识别,音频待补参数,人工确认类别或补主要参数后可出图
EAW,"2045005 Power Fanout (16ft/4.8m, powers 6 modules)",电源扇出线,配线机架适配器,音频未识别,音频待补参数,人工确认类别或补主要参数后可出图
EAW,"2045006 Power Extender (12ft/3.6m, powers 6 modules)",电源延长线,配线机架适配器,音频未识别,音频待补参数,人工确认类别或补主要参数后可出图
EAW,"2045007 Network Fanout (16ft/4.8m, connects 6 modules)",网络扇出线,配线机架适配器,音频未识别,音频待补参数,人工确认类别或补主要参数后可出图
EAW,"2045008 Network Fanout (28ft/8.5m, connects 6 modules)",网络扇出线,配线机架适配器,音频未识别,音频待补参数,人工确认类别或补主要参数后可出图
EAW,"2045009 Network Extender (24ft/7.3m, connects 6 modules)",网络延长线,配线机架适配器,音频未识别,音频待补参数,人工确认类别或补主要参数后可出图
EAW,2046446 Anna Cover (Covers 4 Anna Modules),Anna保护罩,Anna,音频未识别,音频待补参数,人工确认类别或补主要参数后可出图
EAW,"2047004 Network Extender (75ft/23m, connects 6 modules)",网络延长线,配线机架适配器,音频未识别,音频待补参数,人工确认类别或补主要参数后可出图
EAW,"2047006 Power Extender (75ft/23m, powers 6 modules)",电源延长线,配线机架适配器,音频未识别,音频待补参数,人工确认类别或补主要参数后可出图
EAW,ACC 2X WEATHER PROTECTION END COVER BLK AC6,防水接口盖板,AC6,音频未识别,音频待补参数,人工确认类别或补主要参数后可出图
EAW,ACC WEATHER PROTECTION JOINT COVER BLK AC6,防水连接盖板,AC6,音频未识别,音频待补参数,人工确认类别或补主要参数后可出图
EAW,ACC-RSXH2 Rain Guard,防雨罩,吊环螺栓，连接点为锻造工艺,音频未识别,音频待补参数,人工确认类别或补主要参数后可出图
EAW,CART NT116S,轮板车,NT系列配件,音频未识别,音频待补参数,人工确认类别或补主要参数后可出图
EAW,COVER TRANSPORT 3X RSX18F,防尘罩,防尘罩,音频未识别,音频待补参数,人工确认类别或补主要参数后可出图
EAW,COVER TRANSPORT 4-STACK RSX212L,防尘罩,防尘罩,音频未识别,音频待补参数,人工确认类别或补主要参数后可出图
EAW,COVER TRANSPORT DOUBLE NT116S,运输用防尘罩,NT系列配件,音频未识别,音频待补参数,人工确认类别或补主要参数后可出图
EAW,COVER TRANSPORT RSX18F,防尘罩,防尘罩,音频未识别,音频待补参数,人工确认类别或补主要参数后可出图
EAW,FLYBAR ANNA [FB ANNA],Anna吊挂件（无运输箱）,Anna,音频未识别,音频待补参数,人工确认类别或补主要参数后可出图
EAW,HRBKT-CCL Horizontal rotation bracket,CCL6/CCL12水平可调墙面安装支架,Commercial系列配件,音频未识别,音频待补参数,人工确认类别或补主要参数后可出图
EAW,NT206L Black,"双6""二分频有源线阵列",NT系列,音频未识别,音频待补参数,人工确认类别或补主要参数后可出图
EAW,NT208L Black,"双8""二分频有源线阵列",NT系列,音频未识别,音频待补参数,人工确认类别或补主要参数后可出图
EAW,ROAD CASE FBANNA BLACK,Anna吊挂件运输箱,Anna,音频未识别,音频待补参数,人工确认类别或补主要参数后可出图
ETC,Flex Hog,灯光控制台,,音频未识别,音频待补参数,人工确认类别或补主要参数后可出图
ETC,Gig Hog,灯光控制台,,音频未识别,音频待补参数,人工确认类别或补主要参数后可出图
ETC,RSN-DMX4-O,DMX解码器,,音频未识别,音频待补参数,人工确认类别或补主要参数后可出图
ETC,Stage Hog,灯光控制台,,音频未识别,音频待补参数,人工确认类别或补主要参数后可出图
ETC,Tour Hog,灯光控制台,,音频未识别,音频待补参数,人工确认类别或补主要参数后可出图
ETC,Tour Wing,控台扩展翼,,音频未识别,音频待补参数,人工确认类别或补主要参数后可出图
IPS,CF-C1131-50,公－母50米屏蔽主缆,数字会讨系统（数字控制-数字传输）,音频未识别,音频待补参数,人工确认类别或补主要参数后可出图
IPS,CF-C1131-50,公－母50米屏蔽主缆,模拟会讨系统（停产-销库存）,音频未识别,音频待补参数,人工确认类别或补主要参数后可出图
IPS,CF-C1132-50,公－母50米屏蔽主缆,模拟会讨系统（数字控制-模拟传输）,音频未识别,音频待补参数,人工确认类别或补主要参数后可出图
IPS,CF-C1132-50,公－母50米屏蔽主缆,模拟会讨系统（停产-销库存）,音频未识别,音频待补参数,人工确认类别或补主要参数后可出图
IPS,CF6300RP,中继器,模拟会讨系统（数字控制-模拟传输）,音频未识别,音频待补参数,人工确认类别或补主要参数后可出图
IPS,CS B-TMP6-SEN,六合一传感器,CS传感器产品系列,音频未识别,音频待补参数,人工确认类别或补主要参数后可出图
IPS,CTS1007M,10寸墨水信息屏,CTS智慧屏产品系列,音频未识别,音频待补参数,人工确认类别或补主要参数后可出图
IPS,DPE521N,双串口服务器,CS传感器产品系列,音频未识别,音频待补参数,人工确认类别或补主要参数后可出图
IPS,DX120D-HD,H.264/H.265解码器,视频产品,音频未识别,音频待补参数,人工确认类别或补主要参数后可出图
IPS,DX120E-HD,H.264/H.265编码器,视频产品,音频未识别,音频待补参数,人工确认类别或补主要参数后可出图
IPS,I208A,8路电源管理器,PDU电源管理器产品系列,音频未识别,音频待补参数,人工确认类别或补主要参数后可出图
IPS,MT110,融合会议主机（升级款）-不带 Windows 授权,MT融合会议产品系列,音频未识别,音频待补参数,人工确认类别或补主要参数后可出图
IPS,MT902,融合会议主机支架,MT融合会议产品系列,音频未识别,音频待补参数,人工确认类别或补主要参数后可出图
IPS,NP-75WF,7.5寸双面墨水屏电子桌牌,其他会议系统（前级）,音频未识别,音频待补参数,人工确认类别或补主要参数后可出图
IPS,PS860,8路电源管理器,PDU电源管理器产品系列,音频未识别,音频待补参数,人工确认类别或补主要参数后可出图
IPS,VM0404S,4×4固定式矩阵切换器,视频产品,音频未识别,音频待补参数,人工确认类别或补主要参数后可出图
IPS,VM0808S,8×8固定式矩阵切换器,视频产品,音频未识别,音频待补参数,人工确认类别或补主要参数后可出图
IPS,VP0104,1进4出分配器,视频产品,音频未识别,音频待补参数,人工确认类别或补主要参数后可出图
IPS,VP0301,3进1出切换器,视频产品,音频未识别,音频待补参数,人工确认类别或补主要参数后可出图
IPS,VP0401,4进1出切换器,视频产品,音频未识别,音频待补参数,人工确认类别或补主要参数后可出图
IPS,WV200,无线表决数据收发器,其他会议系统（前级）,音频未识别,音频待补参数,人工确认类别或补主要参数后可出图
IPS,WV200C,50位表决单元充电箱,其他会议系统（前级）,音频未识别,音频待补参数,人工确认类别或补主要参数后可出图
IPS,WV200D,无线表决单元,其他会议系统（前级）,音频未识别,音频待补参数,人工确认类别或补主要参数后可出图
IPS,XP100-4K-RX,4K网传接收器,视频产品,音频未识别,音频待补参数,人工确认类别或补主要参数后可出图
IPS,XP100-4K-TX,4K网传发送器,视频产品,音频未识别,音频待补参数,人工确认类别或补主要参数后可出图
IPS,XP100-4KCAT-IN,4K双绞线输入卡,视频产品,音频未识别,音频待补参数,人工确认类别或补主要参数后可出图
IPS,XP100-4KCAT-OUT,4K双绞线输出卡,视频产品,音频未识别,音频待补参数,人工确认类别或补主要参数后可出图
IPS,XP100-4KHDMI-IN,4K HDMI输入卡（带无缝切换）,视频产品,音频未识别,音频待补参数,人工确认类别或补主要参数后可出图
IPS,XP100-4KHDMI-OUT,4K HDMI输出卡（带无缝切换）,视频产品,音频未识别,音频待补参数,人工确认类别或补主要参数后可出图
IPS,XP100-CAT-IN,双绞线输入卡,视频产品,音频未识别,音频待补参数,人工确认类别或补主要参数后可出图
IPS,XP100-CAT-OUT,双绞线输出卡,视频产品,音频未识别,音频待补参数,人工确认类别或补主要参数后可出图
IPS,XP100-FB-IN,光纤单模输入卡,视频产品,音频未识别,音频待补参数,人工确认类别或补主要参数后可出图
IPS,XP100-FB-OUT,光纤单模输出卡,视频产品,音频未识别,音频待补参数,人工确认类别或补主要参数后可出图
IPS,XP100-HDMI-IN2,HDMI输入卡,视频产品,音频未识别,音频待补参数,人工确认类别或补主要参数后可出图
IPS,XP100-HDMI-OUT,HDMI输出卡（带无缝切换）,视频产品,音频未识别,音频待补参数,人工确认类别或补主要参数后可出图
IPS,XP100-MIX-IN,混合输入卡-AV/DVI/YPBPR,视频产品,音频未识别,音频待补参数,人工确认类别或补主要参数后可出图
IPS,XP100-MIX-OUT,混合输出卡-DVI/AV/YPBRP,视频产品,音频未识别,音频待补参数,人工确认类别或补主要参数后可出图
IPS,XP100-SDI-IN,SDI输入卡,视频产品,音频未识别,音频待补参数,人工确认类别或补主要参数后可出图
IPS,XP100-SDI-OUT,SDI输出卡,视频产品,音频未识别,音频待补参数,人工确认类别或补主要参数后可出图
IPS,XP100-VGA-IN,VGA输入卡,视频产品,音频未识别,音频待补参数,人工确认类别或补主要参数后可出图
IPS,XP100-VGA-OUT,VGA输出卡（带无缝切换）,视频产品,音频未识别,音频待补参数,人工确认类别或补主要参数后可出图
IPS,XP120-1616,混合矩阵切换器,视频产品,音频未识别,音频待补参数,人工确认类别或补主要参数后可出图
IPS,XP120-4KHDMI-4IN,4路进4K HDMI板卡,视频产品,音频未识别,音频待补参数,人工确认类别或补主要参数后可出图
IPS,XP120-4KHDMI-4OUT,4路出4K HDMI板卡,视频产品,音频未识别,音频待补参数,人工确认类别或补主要参数后可出图
IPS,XP120-HDMI-4IN,4路进HDMI板卡,视频产品,音频未识别,音频待补参数,人工确认类别或补主要参数后可出图
IPS,XP120-HDMI-4OUT,4路出HDMI板卡,视频产品,音频未识别,音频待补参数,人工确认类别或补主要参数后可出图
IPS,XP120-RX-70,HDBT接收器,视频产品,音频未识别,音频待补参数,人工确认类别或补主要参数后可出图
IPS,XP120-SDI-4IN,4路进SDI板卡,视频产品,音频未识别,音频待补参数,人工确认类别或补主要参数后可出图
IPS,XP120-SDI-4OUT,4路出SDI板卡,视频产品,音频未识别,音频待补参数,人工确认类别或补主要参数后可出图
IPS,XP120-SH-4IN,2路进SDI、2路进HDMI板卡,视频产品,音频未识别,音频待补参数,人工确认类别或补主要参数后可出图
IPS,XP120-SH-4OUT,2路出SDI、2路出HDMI板卡,视频产品,音频未识别,音频待补参数,人工确认类别或补主要参数后可出图
IPS,XP120-TX-70,HDBT发送器,视频产品,音频未识别,音频待补参数,人工确认类别或补主要参数后可出图
IPS,XP120-VGA-4IN,4路进VGA板卡,视频产品,音频未识别,音频待补参数,人工确认类别或补主要参数后可出图
IPS,XP120-VGA-4OUT,4路出VGA板卡,视频产品,音频未识别,音频待补参数,人工确认类别或补主要参数后可出图
IPS,XPS-D100-TX,HDBaseT墙插发送器,视频产品,音频未识别,音频待补参数,人工确认类别或补主要参数后可出图
Jabra,Jabra PanaCast Hub,Panacast摄像头桌面拓展坞,,音频未识别,音频待补参数,人工确认类别或补主要参数后可出图
Jabra,Jabra PanaCast Table Stand,Panacast摄像头桌面安装支架,,音频未识别,音频待补参数,人工确认类别或补主要参数后可出图
Jabra,Jabra PanaCast USB Cable,Panacast摄像头USB连接线缆,,音频未识别,音频待补参数,人工确认类别或补主要参数后可出图
Jabra,Jabra PanaCast Wall Mount,Panacast摄像头墙装支架,,音频未识别,音频待补参数,人工确认类别或补主要参数后可出图
Karno,Karno L6-A1,用于Karno SEPIA 的 L6 1U 19 英寸机架式模拟输出接口主机,,音频未识别,音频待补参数,人工确认类别或补主要参数后可出图
Karno,Karno L6-M1,用于Karno SEPIA 的 L6 1U 21 英寸机架式MADI输出接口主机,,音频未识别,音频待补参数,人工确认类别或补主要参数后可出图
Karno,Karno L6-N1,用于Karno SEPIA 的 L6 1U 20 英寸机架式Dante输出接口主机,,音频未识别,音频待补参数,人工确认类别或补主要参数后可出图
Karno,Karno Langstrath Audio EC24 SEPIA Module,用于Karno SEPIA L6主机的压缩模块,,音频未识别,音频待补参数,人工确认类别或补主要参数后可出图
Karno,Karno Locomotive Audio POWER-MU SEPIA Module,用于Karno SEPIA L6主机的压缩模块,,音频未识别,音频待补参数,人工确认类别或补主要参数后可出图
Karno,Karno Pope Audio BAX 2020 SEPIA Module,用于Karno SEPIA L6主机的均衡模块,,音频未识别,音频待补参数,人工确认类别或补主要参数后可出图
Karno,Karno SPL Transient Designer SEPlA Module,用于Karno SEPIA L6主机的压缩模块,,音频未识别,音频待补参数,人工确认类别或补主要参数后可出图
Karno,Karno Smart Research C2S SEPlA Module,用于Karno SEPIA L6主机的压缩模块,,音频未识别,音频待补参数,人工确认类别或补主要参数后可出图
Karno,Karno Universal Audio 1176 SEPIA Module,用于Karno SEPIA L6主机的压缩模块,,音频未识别,音频待补参数,人工确认类别或补主要参数后可出图
Mackie,Big Knob  Passive,监听控制器,监听控制器,音频未识别,音频待补参数,人工确认类别或补主要参数后可出图
Mackie,Big Knob  Studio,监听控制器,监听控制器,音频未识别,音频待补参数,人工确认类别或补主要参数后可出图
Mackie,Big Knob  studio+,监听控制器,监听控制器,音频未识别,音频待补参数,人工确认类别或补主要参数后可出图
Mackie,DC16,数字控制界面,AXIS数字混音系统,音频未识别,音频待补参数,人工确认类别或补主要参数后可出图
Mackie,MC Extender Pro,8通道控制界面扩展器,控制界面,音频未识别,音频待补参数,人工确认类别或补主要参数后可出图
Mackie,MCU Pro,8通道控制界面,控制界面,音频未识别,音频待补参数,人工确认类别或补主要参数后可出图
Modulo Pi,AD-GEN,同步锁相卡,视频采集卡-分模块-四通道3G SDI,音频未识别,音频待补参数,人工确认类别或补主要参数后可出图
Modulo Pi,AD-GEN,同步锁相卡,视频采集卡-分模块-四通道3G SDI,音频未识别,音频待补参数,人工确认类别或补主要参数后可出图
Modulo Pi,DELTA-3G-2,视频采集卡-双通道3G SDI,双通道4k超级版媒体服务器-加强版机箱,音频未识别,音频待补参数,人工确认类别或补主要参数后可出图
Modulo Pi,DELTA-3G-2,视频采集卡-双通道3G SDI,全媒体服务器四通道4K渲染终端-加强版机箱,音频未识别,音频待补参数,人工确认类别或补主要参数后可出图
Modulo Pi,DELTA-812G,视频采集卡-八通道3G SDI,视频采集卡-四通道3G SDI,音频未识别,音频待补参数,人工确认类别或补主要参数后可出图
Modulo Pi,DELTA-812G,视频采集卡-八通道3G SDI,视频采集卡-四通道3G SDI,音频未识别,音频待补参数,人工确认类别或补主要参数后可出图
Modulo Pi,DELTA-HDMI2,视频采集卡-双通道HDMI 2.0,视频采集卡-四通道3G SDI,音频未识别,音频待补参数,人工确认类别或补主要参数后可出图
Modulo Pi,DELTA-HDMI2,视频采集卡-双通道HDMI 2.0,视频采集卡-四通道3G SDI,音频未识别,音频待补参数,人工确认类别或补主要参数后可出图
Modulo Pi,KI-DES,全媒体服务器-管理核心,该平台依赖于Kinetic Designer，这是一个功能强大的用户界面，带有一个专用工作站，连接到一个或多个VNode媒体服务器。（KINETIC项目必选）,音频未识别,音频待补参数,人工确认类别或补主要参数后可出图
Modulo Pi,KI-VNO-3x4K,全媒体服务器三通道4K渲染终端,全媒体服务器双通道4K渲染终端,音频未识别,音频待补参数,人工确认类别或补主要参数后可出图
Modulo Pi,KI-VNO-4,全媒体服务器四通道渲染终端-兼容4K,全媒体服务器双通道渲染终端,音频未识别,音频待补参数,人工确认类别或补主要参数后可出图
Modulo Pi,KI-VNO-6,全媒体服务器六通道渲染终端-兼容4K,全媒体服务器双通道渲染终端,音频未识别,音频待补参数,人工确认类别或补主要参数后可出图
Modulo Pi,MOD-HDMI,视频采集卡-分模块-单通道HDMI 2.0,视频采集卡-主模块,音频未识别,音频待补参数,人工确认类别或补主要参数后可出图
Modulo Pi,MOD-HDMI,视频采集卡-分模块-单通道HDMI 2.0,视频采集卡-主模块,音频未识别,音频待补参数,人工确认类别或补主要参数后可出图
Modulo Pi,MP-PRO-1,单通道专业版媒体服务器,,音频未识别,音频待补参数,人工确认类别或补主要参数后可出图
Modulo Pi,MP-PRO-2,双通道专业版媒体服务器,,音频未识别,音频待补参数,人工确认类别或补主要参数后可出图
Modulo Pi,MP-PRO-2x4K,双通道4K专业版媒体服务器,,音频未识别,音频待补参数,人工确认类别或补主要参数后可出图
Modulo Pi,MP-PRO-3x4K,三通道4K专业版媒体服务器,,音频未识别,音频待补参数,人工确认类别或补主要参数后可出图
Modulo Pi,MP-PRO-4,四通道专业版媒体服务器-兼容4K,,音频未识别,音频待补参数,人工确认类别或补主要参数后可出图
Modulo Pi,MP-PRO-4x4K,四通道4K专业版媒体服务器,,音频未识别,音频待补参数,人工确认类别或补主要参数后可出图
Modulo Pi,MP-PRO-6,六通道专业版媒体服务器-兼容4K,,音频未识别,音频待补参数,人工确认类别或补主要参数后可出图
Modulo Pi,MP-STD-1,单通道标准版媒体服务器,,音频未识别,音频待补参数,人工确认类别或补主要参数后可出图
Modulo Pi,MP-STD-2,双通道标准版媒体服务器,,音频未识别,音频待补参数,人工确认类别或补主要参数后可出图
Modulo Pi,MP-STD-3,三通道标准版媒体服务器,,音频未识别,音频待补参数,人工确认类别或补主要参数后可出图
Modulo Pi,MP-STD-4,四通道标准版服媒体务器-兼容4K,,音频未识别,音频待补参数,人工确认类别或补主要参数后可出图
Modulo Pi,MP-UX-1,单通道超级版媒体服务器,四通道4K专业版媒体服务器-加强版机箱,音频未识别,音频待补参数,人工确认类别或补主要参数后可出图
Modulo Pi,MP-UX-2,双通道超级版媒体服务器,四通道4K专业版媒体服务器-加强版机箱,音频未识别,音频待补参数,人工确认类别或补主要参数后可出图
Modulo Pi,MP-UX-3x4K,三通道4k超级版媒体服务器,双通道4k超级版媒体服务器,音频未识别,音频待补参数,人工确认类别或补主要参数后可出图
Modulo Pi,MP-UX-4,四通道超级版媒体服务器-兼容4K,四通道4K专业版媒体服务器-加强版机箱,音频未识别,音频待补参数,人工确认类别或补主要参数后可出图
Modulo Pi,NANO-1,单通道紧凑型媒体服务器,,音频未识别,音频待补参数,人工确认类别或补主要参数后可出图
Modulo Pi,RKI-VNO-3x4K,全媒体服务器三通道4K渲染终端-加强版机箱,全媒体服务器双通道4K渲染终端-加强版机箱,音频未识别,音频待补参数,人工确认类别或补主要参数后可出图
Modulo Pi,RMP-UX-3x4K,三通道4k超级版媒体服务器-加强版机箱,双通道4k超级版媒体服务器-加强版机箱,音频未识别,音频待补参数,人工确认类别或补主要参数后可出图
Modulo Pi,TC-PCIE-R,时间码卡-接收卡,视频采集卡-分模块-四通道3G SDI,音频未识别,音频待补参数,人工确认类别或补主要参数后可出图
Modulo Pi,TC-PCIE-R,时间码卡-接收卡,视频采集卡-分模块-四通道3G SDI,音频未识别,音频待补参数,人工确认类别或补主要参数后可出图
Modulo Pi,TC-PCIE-RW,时间码卡-收发卡,视频采集卡-分模块-四通道3G SDI,音频未识别,音频待补参数,人工确认类别或补主要参数后可出图
Modulo Pi,TC-PCIE-RW,时间码卡-收发卡,视频采集卡-分模块-四通道3G SDI,音频未识别,音频待补参数,人工确认类别或补主要参数后可出图
Naostage,Anchor,基站,,音频未识别,音频待补参数,人工确认类别或补主要参数后可出图
Naostage,BeaKon L Kit,BeaKon 大套件,,音频未识别,音频待补参数,人工确认类别或补主要参数后可出图
Naostage,BeaKon S Kit,BeaKon 小套件,,音频未识别,音频待补参数,人工确认类别或补主要参数后可出图
Naostage,BeaKon XL Kit,BeaKon 极大套件,,音频未识别,音频待补参数,人工确认类别或补主要参数后可出图
Naostage,BeaKon XS Kit,BeaKon 极小套件,,音频未识别,音频待补参数,人工确认类别或补主要参数后可出图
Naostage,Kapta Accessory Pack,Kapta 安装附件,,音频未识别,音频待补参数,人工确认类别或补主要参数后可出图
Naostage,Kapta Flight case,Kapta飞行箱,,音频未识别,音频待补参数,人工确认类别或补主要参数后可出图
Naostage,Kapta Nylon case,Kapta 尼龙罩,,音频未识别,音频待补参数,人工确认类别或补主要参数后可出图
Naostage,Kapta yokes Pack,Kapta 吊挂件,,音频未识别,音频待补参数,人工确认类别或补主要参数后可出图
Naostage,Kore,舞台追踪服务器,,音频未识别,音频待补参数,人工确认类别或补主要参数后可出图
Naostage,Kore Flight case 4U,Kore 飞行箱,,音频未识别,音频待补参数,人工确认类别或补主要参数后可出图
Naostage,Tag,信标,,音频未识别,音频待补参数,人工确认类别或补主要参数后可出图
Nureva,DM-HDL200,HDL200显示器支架,,音频未识别,音频待补参数,人工确认类别或补主要参数后可出图
Nureva,HDL200-B,HDL200 system（黑色）,,音频未识别,音频待补参数,人工确认类别或补主要参数后可出图
Nureva,HDL200-W,HDL200 system（白色）,,音频未识别,音频待补参数,人工确认类别或补主要参数后可出图
Nureva,HDL300-B-D,Dual HDL300 system-升级（黑色）,,音频未识别,音频待补参数,人工确认类别或补主要参数后可出图
Nureva,HDL300-W-D,Dual HDL300 system-升级（白色）,,音频未识别,音频待补参数,人工确认类别或补主要参数后可出图
Nureva,HDL410-B-2,,,音频未识别,音频待补参数,人工确认类别或补主要参数后可出图
Nureva,HDL410-W-2,,,音频未识别,音频待补参数,人工确认类别或补主要参数后可出图
Nureva,NP-2Y,Nureva Pro服务（2年期）,,音频未识别,音频待补参数,人工确认类别或补主要参数后可出图
Nureva,NP-3Y,Nureva Pro服务（3年期）,,音频未识别,音频待补参数,人工确认类别或补主要参数后可出图
Nureva,NP-5Y,Nureva Pro服务（5年期）,,音频未识别,音频待补参数,人工确认类别或补主要参数后可出图
Pan Acoustics,"800388 mounting plate, PB 2xx WMP",PB 2XX系列安装板,周边配件,音频未识别,音频待补参数,人工确认类别或补主要参数后可出图
Pan Acoustics,"801449 wall mount, tiltable, turnable (black)",壁挂可倾斜式支架,周边配件,音频未识别,音频待补参数,人工确认类别或补主要参数后可出图
Pan Acoustics,"801451 ceiling mount, fix, (black), PB XX",天花板固定安支架,周边配件,音频未识别,音频待补参数,人工确认类别或补主要参数后可出图
Pan Acoustics,"801839 wall mount, fix, PB xx",标准壁挂支架,周边配件,音频未识别,音频待补参数,人工确认类别或补主要参数后可出图
Powersoft,Direct Drive Mover 4Ω-DD,低频体感振动直驱换能装置Direct Drive Mover 4Ω-DD,体感振动系统,音频未识别,音频待补参数,人工确认类别或补主要参数后可出图
Powersoft,Direct Drive Mover HiZ-DD,低频体感振动直驱换能装置Direct Drive Mover HiZ-DD,体感振动系统,音频未识别,音频待补参数,人工确认类别或补主要参数后可出图
Powersoft,FW Card,固件升级卡,Ottocanali 系列,音频未识别,音频待补参数,人工确认类别或补主要参数后可出图
Powersoft,Inertial Drive Mover 4Ω-ID,低频体感振动惯性驱动式换能装置Inertial Drive Mover 4Ω-ID,体感振动系统,音频未识别,音频待补参数,人工确认类别或补主要参数后可出图
Powersoft,Inertial Drive Mover HiZ-ID,低频体感振动惯性驱动式换能装置Inertial Drive Mover HiZ-ID,体感振动系统,音频未识别,音频待补参数,人工确认类别或补主要参数后可出图
Powersoft,KAESOP Board,KAESOP板,DIGAM,音频未识别,音频待补参数,人工确认类别或补主要参数后可出图
Powersoft,Smart Card,智能卡,DIGAM,音频未识别,音频待补参数,人工确认类别或补主要参数后可出图
Powersoft,Step-up Card,设置卡,DIGAM,音频未识别,音频待补参数,人工确认类别或补主要参数后可出图
Powersoft,WMP Level Square Black,被动式墙面旋钮控制器,墙挂式控制面板,音频未识别,音频待补参数,人工确认类别或补主要参数后可出图
Powersoft,WMP Level Square White,被动式墙面旋钮控制器,墙挂式控制面板,音频未识别,音频待补参数,人工确认类别或补主要参数后可出图
Powersoft,WMP Selector Square Black,被动式墙面定位选择控制器,墙挂式控制面板,音频未识别,音频待补参数,人工确认类别或补主要参数后可出图
Powersoft,WMP Selector Square White,被动式墙面定位选择控制器,墙挂式控制面板,音频未识别,音频待补参数,人工确认类别或补主要参数后可出图
Shure,WADRM,双通道机架,电源,音频未识别,音频待补参数,人工确认类别或补主要参数后可出图
Shure,WASRM,单通道机架,电源,音频未识别,音频待补参数,人工确认类别或补主要参数后可出图
Symetrix,1/2 U Surface Mount Bracket,1/2U机架安装支架,配件,音频未识别,音频待补参数,人工确认类别或补主要参数后可出图
Symetrix,2 Line Analog Telephone Interface Card,2线路模拟电话接口卡,输入输出扩展卡,音频未识别,音频待补参数,人工确认类别或补主要参数后可出图
Symetrix,2 Line VoIP Interface Card,2线路VOIP接口卡,输入输出扩展卡,音频未识别,音频待补参数,人工确认类别或补主要参数后可出图
Symetrix,4 Channel Analog Out Card,4通道模拟输出卡,输入输出扩展卡,音频未识别,音频待补参数,人工确认类别或补主要参数后可出图
Symetrix,4 Channel Digital In Card,4通道数字输入卡,输入输出扩展卡,音频未识别,音频待补参数,人工确认类别或补主要参数后可出图
Symetrix,4 Channel Digital Out Card,4通道数字输出卡,输入输出扩展卡,音频未识别,音频待补参数,人工确认类别或补主要参数后可出图
Symetrix,ARC-2e,外部控制器,网络型墙面控制器,音频未识别,音频待补参数,人工确认类别或补主要参数后可出图
Symetrix,ARC-2e Aluminum Faceplate,外部控制器,网络型墙面控制器,音频未识别,音频待补参数,人工确认类别或补主要参数后可出图
Symetrix,ARC-EX4e,外部控制器,网络型墙面控制器,音频未识别,音频待补参数,人工确认类别或补主要参数后可出图
Symetrix,ARC-K1e,外部控制器,网络型墙面控制器,音频未识别,音频待补参数,人工确认类别或补主要参数后可出图
Symetrix,ARC-Pse,外部控制器供电电源,网络型墙面控制器,音频未识别,音频待补参数,人工确认类别或补主要参数后可出图
Symetrix,ARC-SW4e,外部控制器,网络型墙面控制器,音频未识别,音频待补参数,人工确认类别或补主要参数后可出图
Symetrix,Control Server,控制服务器,配件,音频未识别,音频待补参数,人工确认类别或补主要参数后可出图
Symetrix,T-10 Glass,网络型墙面触摸控制屏,自适应外部控制面板控制器,音频未识别,音频待补参数,人工确认类别或补主要参数后可出图
Symetrix,W1,网络型墙面控制器,网络型墙面触摸控制屏,音频未识别,音频待补参数,人工确认类别或补主要参数后可出图
Symetrix,W2,网络型墙面控制器,网络型墙面触摸控制屏,音频未识别,音频待补参数,人工确认类别或补主要参数后可出图
Symetrix,W3,网络型墙面控制器,网络型墙面触摸控制屏,音频未识别,音频待补参数,人工确认类别或补主要参数后可出图
Symetrix,xIO Bluetooth,蓝牙音频面板,蓝牙及模拟音频面板,音频未识别,音频待补参数,人工确认类别或补主要参数后可出图
Televic,CAT5e STP,CAT5e STP 线缆,配件,音频未识别,音频待补参数,人工确认类别或补主要参数后可出图
Televic,CoCon Authentication,签到表决控制插件,CoCon控制软件,音频未识别,音频待补参数,人工确认类别或补主要参数后可出图
Televic,CoCon Import/Export,数据导入导出模块,CoCon控制软件,音频未识别,音频待补参数,人工确认类别或补主要参数后可出图
Televic,CoCon Signage,显示控制插件,CoCon控制软件,音频未识别,音频待补参数,人工确认类别或补主要参数后可出图
Televic,CoCon Video Routing,视频路由模块,CoCon控制软件,音频未识别,音频待补参数,人工确认类别或补主要参数后可出图
Televic,CoCon Voting,表决控制插件,CoCon控制软件,音频未识别,音频待补参数,人工确认类别或补主要参数后可出图
Televic,Confidea APPS,接入点电源,Confidea无线会议系统,音频未识别,音频待补参数,人工确认类别或补主要参数后可出图
Televic,Confidea F-CS,旁听面板,Plixus多媒体会议系统,音频未识别,音频待补参数,人工确认类别或补主要参数后可出图
Televic,D-Cerno PS,备用电源,D-Cerno数字会议讨论系统,音频未识别,音频待补参数,人工确认类别或补主要参数后可出图
Televic,ICC5/10,10米连接线,配件,音频未识别,音频待补参数,人工确认类别或补主要参数后可出图
Televic,ICC5/2,2米连接线,配件,音频未识别,音频待补参数,人工确认类别或补主要参数后可出图
Televic,ICC5/20,20米连接线,配件,音频未识别,音频待补参数,人工确认类别或补主要参数后可出图
Televic,ICC5/5,5米连接线,配件,音频未识别,音频待补参数,人工确认类别或补主要参数后可出图
Televic,Lingua CHC,红外接收器充电箱,LINGUA 数字红外语言分配系统,音频未识别,音频待补参数,人工确认类别或补主要参数后可出图
Televic,Lingua RAD Mount,红外辐射板安装支架,LINGUA 数字红外语言分配系统,音频未识别,音频待补参数,人工确认类别或补主要参数后可出图
Televic,Lingua RAD_H,红外辐射板,LINGUA 数字红外语言分配系统,音频未识别,音频待补参数,人工确认类别或补主要参数后可出图
Televic,MID,射频识别卡,配件,音频未识别,音频待补参数,人工确认类别或补主要参数后可出图
Televic,Plixus AE-R PS,Plixus AE-R电源,Plixus多媒体会议系统,音频未识别,音频待补参数,人工确认类别或补主要参数后可出图
Televic,Plixus NEXT,网络扩展器,Plixus多媒体会议系统,音频未识别,音频待补参数,人工确认类别或补主要参数后可出图
Televic,Plixus PS,辅助电源,Plixus多媒体会议系统,音频未识别,音频待补参数,人工确认类别或补主要参数后可出图
Televic,Plixus V-REQ,视频请求面板,Plixus多媒体会议系统,音频未识别,音频待补参数,人工确认类别或补主要参数后可出图
Televic,Plixus V-SEL,视频选择面板,Plixus多媒体会议系统,音频未识别,音频待补参数,人工确认类别或补主要参数后可出图
Televic,uniCOS F/MM10 Bracket,半嵌入式安装支架(10寸屏),Plixus多媒体会议系统,音频未识别,音频待补参数,人工确认类别或补主要参数后可出图
Televic,uniCOS F/MM7 Bracket,半嵌入式安装支架(7寸屏),Plixus多媒体会议系统,音频未识别,音频待补参数,人工确认类别或补主要参数后可出图
Tetonic,CGF,安装支架,,音频未识别,音频待补参数,人工确认类别或补主要参数后可出图
Tetonic,CTL,安装支架,,音频未识别,音频待补参数,人工确认类别或补主要参数后可出图
Tetonic,EHL,安装支架,,音频未识别,音频待补参数,人工确认类别或补主要参数后可出图
Tetonic,LS-118,单18寸超低,,音频未识别,音频待补参数,人工确认类别或补主要参数后可出图
Tetonic,LS-212,双12寸超低,,音频未识别,音频待补参数,人工确认类别或补主要参数后可出图
Tetonic,LS-218,双18寸超低,,音频未识别,音频待补参数,人工确认类别或补主要参数后可出图
Visionary,AVIP-BLNK-1,机架安装套件挡板,配件及其它,音频未识别,音频待补参数,人工确认类别或补主要参数后可出图
Visionary,AVIP-Rackmount-14,机架安装套件,配件及其它,音频未识别,音频待补参数,人工确认类别或补主要参数后可出图
Visionary,AVIP-Rackmount-3,机架安装套件,配件及其它,音频未识别,音频待补参数,人工确认类别或补主要参数后可出图
Visionary,DuetD5-WP-C-B,面板式编码器（黑）,5 SERIES and Duet-5,音频未识别,音频待补参数,人工确认类别或补主要参数后可出图
Visionary,DuetD5-WP-C-BT-B,面板式编码器（黑）,5 SERIES and Duet-5,音频未识别,音频待补参数,人工确认类别或补主要参数后可出图
Visionary,DuetD5-WP-C-BT-W,面板式编码器（白）,5 SERIES and Duet-5,音频未识别,音频待补参数,人工确认类别或补主要参数后可出图
Visionary,DuetD5-WP-C-W,面板式编码器（白）,5 SERIES and Duet-5,音频未识别,音频待补参数,人工确认类别或补主要参数后可出图
Visionary,DuetE-WP-B,面板式编码器（黑）,4 SERIES and Duet-2（原有产品）,音频未识别,音频待补参数,人工确认类别或补主要参数后可出图
Visionary,DuetE-WP-BT-B,面板式编码器（黑/蓝牙）,4 SERIES and Duet-2（原有产品）,音频未识别,音频待补参数,人工确认类别或补主要参数后可出图
Visionary,DuetE-WP-BT-W,面板式编码器（白/蓝牙）,4 SERIES and Duet-2（原有产品）,音频未识别,音频待补参数,人工确认类别或补主要参数后可出图
Visionary,DuetE-WP-H-B,面板式编码器（黑/仅HDMI）,4 SERIES and Duet-2（原有产品）,音频未识别,音频待补参数,人工确认类别或补主要参数后可出图
Visionary,DuetE-WP-H-W,面板式编码器（白/仅HDMI）,4 SERIES and Duet-2（原有产品）,音频未识别,音频待补参数,人工确认类别或补主要参数后可出图
Visionary,DuetE-WP-W,面板式编码器（白）,4 SERIES and Duet-2（原有产品）,音频未识别,音频待补参数,人工确认类别或补主要参数后可出图
Visionary,DuetE5-WP-B,面板式编码器（黑）,5 SERIES and Duet-5,音频未识别,音频待补参数,人工确认类别或补主要参数后可出图
Visionary,DuetE5-WP-BT-B,面板式编码器（黑/蓝牙）,5 SERIES and Duet-5,音频未识别,音频待补参数,人工确认类别或补主要参数后可出图
Visionary,DuetE5-WP-BT-W,面板式编码器（白/蓝牙）,5 SERIES and Duet-5,音频未识别,音频待补参数,人工确认类别或补主要参数后可出图
Visionary,DuetE5-WP-H-B,面板式编码器（黑/仅HDMI）,5 SERIES and Duet-5,音频未识别,音频待补参数,人工确认类别或补主要参数后可出图
Visionary,DuetE5-WP-H-W,面板式编码器（白/仅HDMI）,5 SERIES and Duet-5,音频未识别,音频待补参数,人工确认类别或补主要参数后可出图
Visionary,DuetE5-WP-W,面板式编码器（白）,5 SERIES and Duet-5,音频未识别,音频待补参数,人工确认类别或补主要参数后可出图
Visionary,E-WP-B,面板式编码器（黑）,4 SERIES and Duet-2（原有产品）,音频未识别,音频待补参数,人工确认类别或补主要参数后可出图
Visionary,E-WP-BT-B,面板式编码器（黑/蓝牙）,4 SERIES and Duet-2（原有产品）,音频未识别,音频待补参数,人工确认类别或补主要参数后可出图
Visionary,E-WP-BT-W,面板式编码器（白/蓝牙）,4 SERIES and Duet-2（原有产品）,音频未识别,音频待补参数,人工确认类别或补主要参数后可出图
Visionary,E-WP-H-B,面板式编码器（黑/仅HDMI）,4 SERIES and Duet-2（原有产品）,音频未识别,音频待补参数,人工确认类别或补主要参数后可出图
Visionary,E-WP-H-W,面板式编码器（白/仅HDMI）,4 SERIES and Duet-2（原有产品）,音频未识别,音频待补参数,人工确认类别或补主要参数后可出图
Visionary,E-WP-W,面板式编码器（白）,4 SERIES and Duet-2（原有产品）,音频未识别,音频待补参数,人工确认类别或补主要参数后可出图
Visionary,E5-WP-B,面板式编码器（黑）,5 SERIES and Duet-5,音频未识别,音频待补参数,人工确认类别或补主要参数后可出图
Visionary,E5-WP-BT-B,面板式编码器（黑/蓝牙）,5 SERIES and Duet-5,音频未识别,音频待补参数,人工确认类别或补主要参数后可出图
Visionary,E5-WP-BT-W,面板式编码器（白/蓝牙）,5 SERIES and Duet-5,音频未识别,音频待补参数,人工确认类别或补主要参数后可出图
Visionary,E5-WP-H-B,面板式编码器（黑/仅HDMI）,5 SERIES and Duet-5,音频未识别,音频待补参数,人工确认类别或补主要参数后可出图
Visionary,E5-WP-H-W,面板式编码器（白/仅HDMI）,5 SERIES and Duet-5,音频未识别,音频待补参数,人工确认类别或补主要参数后可出图
Visionary,E5-WP-W,面板式编码器（白）,5 SERIES and Duet-5,音频未识别,音频待补参数,人工确认类别或补主要参数后可出图
Visionary,MOD-AOSD,解码器OSD显示授权（单台设备授权）,4 SERIES and Duet-2（原有产品）,音频未识别,音频待补参数,人工确认类别或补主要参数后可出图
Visionary,MOD-DANTE,DANTE功能扩展模块（4系列）,4 SERIES and Duet-2（原有产品）,音频未识别,音频待补参数,人工确认类别或补主要参数后可出图
Visionary,MOD-DANTE-5,DANTE功能扩展模块（5系列）,5 SERIES and Duet-5,音频未识别,音频待补参数,人工确认类别或补主要参数后可出图
Visionary,X4x00 Rackmount,机架安装套件,配件及其它,音频未识别,音频待补参数,人工确认类别或补主要参数后可出图
YAMAHA,HY128-MD,MADI扩展卡,RIVAGE PM系列,音频未识别,音频待补参数,人工确认类别或补主要参数后可出图
YAMAHA,HY144-D,Dante扩展卡,RIVAGE PM系列,音频未识别,音频待补参数,人工确认类别或补主要参数后可出图
YAMAHA,HY144-D-SRC,Dante扩展卡（带采样率转换）,RIVAGE PM系列,音频未识别,音频待补参数,人工确认类别或补主要参数后可出图
YAMAHA,HY256-TL,光纤扩展卡（多模）,RIVAGE PM系列,音频未识别,音频待补参数,人工确认类别或补主要参数后可出图
YAMAHA,HY256-TL-SMF,光纤扩展卡（单模）,RIVAGE PM系列,音频未识别,音频待补参数,人工确认类别或补主要参数后可出图
YAMAHA,MY8AE96S,MY-AES扩展卡,MY扩展卡,音频未识别,音频待补参数,人工确认类别或补主要参数后可出图
YAMAHA,NY64-D,Dante扩展卡(TF系列）,RIVAGE PM系列,音频未识别,音频待补参数,人工确认类别或补主要参数后可出图
YAMAHA,PY-MIDI-GPI,MIDI-GPI扩展卡,RIVAGE PM系列,音频未识别,音频待补参数,人工确认类别或补主要参数后可出图
YAMAHA,PY64-D,Dante扩展卡（带采样率转换）,RIVAGE PM系列,音频未识别,音频待补参数,人工确认类别或补主要参数后可出图
YAMAHA,PY64-MD,MADI扩展卡,RIVAGE PM系列,音频未识别,音频待补参数,人工确认类别或补主要参数后可出图
YAMAHA,PY8-AE,AES扩展卡,RIVAGE PM系列,音频未识别,音频待补参数,人工确认类别或补主要参数后可出图
YAMAHA,WSG-HY128 V2,Waves扩展卡,RIVAGE PM系列,音频未识别,音频待补参数,人工确认类别或补主要参数后可出图
ezCloud,SWL20001,集控会议室数量授权,服务端（一个项目一般配一组，如A组、B组）,音频未识别,音频待补参数,人工确认类别或补主要参数后可出图
ezCloud,V3.0,智慧会议预约管理系统,服务端（一个项目一般配一组，如A组、B组）,音频未识别,音频待补参数,人工确认类别或补主要参数后可出图
ezacoustics,RDD12,数字音频接入盒,五、其它设备,音频未识别,音频待补参数,人工确认类别或补主要参数后可出图
ezacoustics,THP12-FR,点声源水平吊轨,THP系列安装配件,音频未识别,音频待补参数,人工确认类别或补主要参数后可出图
ezacoustics,THX12-FR,点声源水平吊轨,THX系列安装配件,音频未识别,音频待补参数,人工确认类别或补主要参数后可出图
ezacoustics,THXFR,点声源水平吊轨,THX系列安装配件,音频未识别,音频待补参数,人工确认类别或补主要参数后可出图
品牌,型号,产品名称,更新说明,音频未识别,音频待补参数,人工确认类别或补主要参数后可出图
国产优质,-,墙插,数字会讨系统（数字控制-数字传输）,音频未识别,音频待补参数,人工确认类别或补主要参数后可出图
国产优质,-,墙插,模拟会讨系统（数字控制-模拟传输）,音频未识别,音频待补参数,人工确认类别或补主要参数后可出图
国产优质,-,墙插,模拟会讨系统（停产-销库存）,音频未识别,音频待补参数,人工确认类别或补主要参数后可出图
国产优质,EAW-AC6 FLUSH MOUNT BRACKET BLACK,墙面壁挂安装架,AC6,音频未识别,音频待补参数,人工确认类别或补主要参数后可出图
国产优质,EAW-ACC-MKD10-2H,组合安装架,吊环螺栓,音频未识别,音频待补参数,人工确认类别或补主要参数后可出图
国产优质,EAW-ACC-QX300-2V,QX3XX组合安装架,QX118/QX5XX水平U型架，白色,音频未识别,音频待补参数,人工确认类别或补主要参数后可出图
国产优质,EAW-ACC-QX300-3V,QX3XX组合安装架,QX118/QX5XX水平U型架，白色,音频未识别,音频待补参数,人工确认类别或补主要参数后可出图
国产优质,EAW-ACC-QX500-2V,QX5XX/QX118组合安装架,QX118/QX5XX水平U型架，白色,音频未识别,音频待补参数,人工确认类别或补主要参数后可出图
国产优质,EAW-ACC-QX500-3V,QX5XX/QX118组合安装架,QX118/QX5XX水平U型架，白色,音频未识别,音频待补参数,人工确认类别或补主要参数后可出图
国产优质,EAW-MKD1000 U-Bracket Kit Black,MKD1000 U型安装架，黑色,吊环螺栓,音频未识别,音频待补参数,人工确认类别或补主要参数后可出图
国产优质,EAW-MKD800 U-Bracket Kit Black,MKD800 U型安装架，黑色,吊环螺栓,音频未识别,音频待补参数,人工确认类别或补主要参数后可出图
国产优质,EAW-U-BRACKET MKC80 BLACK,MKC80 U型架,MKC50/60配件,音频未识别,音频待补参数,人工确认类别或补主要参数后可出图
国产优质,EAW-UBKT-CPL12M Black,CPL12M U型架,Commercial系列配件,音频未识别,音频待补参数,人工确认类别或补主要参数后可出图
国产优质,EAW-UBKT-QX3H Black,QX3XX水平U型架，黑色,QX118/QX5XX水平U型架，白色,音频未识别,音频待补参数,人工确认类别或补主要参数后可出图
国产优质,EAW-UBKT-QX3H White,QX3XX水平U型架，白色,QX118/QX5XX水平U型架，白色,音频未识别,音频待补参数,人工确认类别或补主要参数后可出图
国产优质,EAW-UBKT-QXH Black,QX5XX/QX118水平U型架，黑色,QX118/QX5XX水平U型架，白色,音频未识别,音频待补参数,人工确认类别或补主要参数后可出图
国产优质,EAW-UBKT-V10U Black,VFR109iU型架，黑色,VFR69iU型架，黑色,音频未识别,音频待补参数,人工确认类别或补主要参数后可出图
国产优质,EAW-UBKT81 U-Bracket Black,MK81XXi U型架，同时全天候版可用，黑色,MK81XXi/UB52iU型架，同时全天候版可用，白色,音频未识别,音频待补参数,人工确认类别或补主要参数后可出图
国产优质,UBKT2353(用于MK2000，MK5000)U型安装架,MK23XXi/MK53XXiU型架,MK23XXi/MK53XXiU型架，不适用全天候版本，白色,音频未识别,音频待补参数,人工确认类别或补主要参数后可出图
国产优质,X4x00 Rackmount,机架安装套件,配件及其它,音频未识别,音频待补参数,人工确认类别或补主要参数后可出图
定制,定制,系统部署实施,服务端（一个项目一般配一组，如A组、B组）,音频未识别,音频待补参数,人工确认类别或补主要参数后可出图
定制,定制,分布式控制器现场实施,服务端（一个项目一般配一组，如A组、B组）,音频未识别,音频待补参数,人工确认类别或补主要参数后可出图
软件,SWA90001,人脸识别SDK应用,CTS智慧屏产品系列,音频未识别,音频待补参数,人工确认类别或补主要参数后可出图
,AB8999,ME个人监听系统配件,CQ系列(紧凑式数字调音台用于个人、现场表演、录音室与固定安装),音频配件(需人工),音频待补参数,人工确认类别或补主要参数后可出图
,CC-10,用于Custom Control软件的10寸控制触摸屏,dLive系列,音频配件(需人工),音频待补参数,人工确认类别或补主要参数后可出图
,CC-7,用于Custom Control软件的7寸控制触摸屏,dLive系列,音频配件(需人工),音频待补参数,人工确认类别或补主要参数后可出图
,CQ12T-CASE/X,CQ12T 软质手提箱包,CQ系列(紧凑式数字调音台用于个人、现场表演、录音室与固定安装),音频配件(需人工),音频待补参数,人工确认类别或补主要参数后可出图
,CQ18T-CASE/X,CQ18T 软质手提箱包,CQ系列(紧凑式数字调音台用于个人、现场表演、录音室与固定安装),音频配件(需人工),音频待补参数,人工确认类别或补主要参数后可出图
,CQ20B-CASE/X,CQ20B 软质手提箱包,CQ系列(紧凑式数字调音台用于个人、现场表演、录音室与固定安装),音频配件(需人工),音频待补参数,人工确认类别或补主要参数后可出图
,DT-RK19/X,DT20(M)/DT02(M)/DT22机架安装配件,dLive系列,音频配件(需人工),音频待补参数,人工确认类别或补主要参数后可出图
,DT02-M/X,48kHz/96kHz 双通道 Dante输入转模拟输出转换盒（带安装配件）,dLive系列,音频配件(需人工),音频待补参数,人工确认类别或补主要参数后可出图
,DT20-M/X,48kHz/96kHz 双通道模拟输入转Dante输出转换盒（带安装配件）,dLive系列,音频配件(需人工),音频待补参数,人工确认类别或补主要参数后可出图
ALLEN&HEATH,AHM-64-RK/X,AHM-64机架配件,dLive系列,音频配件(需人工),音频待补参数,人工确认类别或补主要参数后可出图
ALLEN&HEATH,AVANTIS D-PACK,Avantis插件扩展包,dLive系列,音频配件(需人工),音频待补参数,人工确认类别或补主要参数后可出图
ALLEN&HEATH,QU-16-RK19X,QU16机柜安装架,QU系列(可扩展的紧凑式数字调音台用于现场表演、录音室与固定安装),音频配件(需人工),音频待补参数,人工确认类别或补主要参数后可出图
AUDIX,ADPHT73PIN,无线头戴领夹微型乐器话筒适配器,微型领夹电容话筒,音频配件(需人工),音频待补参数,人工确认类别或补主要参数后可出图
AUDIX,ADPHT74PIN,无线头戴领夹微型乐器话筒适配器,微型领夹电容话筒,音频配件(需人工),音频待补参数,人工确认类别或补主要参数后可出图
AUDIX,APS910,乐器话筒配件,乐器话筒配件,音频配件(需人工),音频待补参数,人工确认类别或补主要参数后可出图
AUDIX,APS910,配件,配件,音频配件(需人工),音频待补参数,人工确认类别或补主要参数后可出图
AUDIX,APS911,乐器话筒配件,乐器话筒配件,音频配件(需人工),音频待补参数,人工确认类别或补主要参数后可出图
AUDIX,APS911,配件,配件,音频配件(需人工),音频待补参数,人工确认类别或补主要参数后可出图
AUDIX,BOOMCG,乐器话筒配件,乐器话筒配件,音频配件(需人工),音频待补参数,人工确认类别或补主要参数后可出图
AUDIX,BOOMCG,配件,配件,音频配件(需人工),音频待补参数,人工确认类别或补主要参数后可出图
AUDIX,CABGRAB1,乐器话筒配件,乐器话筒配件,音频配件(需人工),音频待补参数,人工确认类别或补主要参数后可出图
AUDIX,CABGRAB1,录音棚话筒配件,录音棚话筒配件,音频配件(需人工),音频待补参数,人工确认类别或补主要参数后可出图
AUDIX,CABGRAB1,配件,配件,音频配件(需人工),音频待补参数,人工确认类别或补主要参数后可出图
AUDIX,CABGRABXL,乐器话筒配件,乐器话筒配件,音频配件(需人工),音频待补参数,人工确认类别或补主要参数后可出图
AUDIX,CABGRABXL,录音棚话筒配件,录音棚话筒配件,音频配件(需人工),音频待补参数,人工确认类别或补主要参数后可出图
AUDIX,CABGRABXL,配件,配件,音频配件(需人工),音频待补参数,人工确认类别或补主要参数后可出图
AUDIX,CBL20,有线人声手持话筒配件,有线人声手持话筒配件,音频配件(需人工),音频待补参数,人工确认类别或补主要参数后可出图
AUDIX,CBL20,乐器话筒配件,乐器话筒配件,音频配件(需人工),音频待补参数,人工确认类别或补主要参数后可出图
AUDIX,CBL20,录音棚话筒配件,录音棚话筒配件,音频配件(需人工),音频待补参数,人工确认类别或补主要参数后可出图
AUDIX,CBL20,配件,配件,音频配件(需人工),音频待补参数,人工确认类别或补主要参数后可出图
AUDIX,CBLHP400,耳机配件,耳机配件,音频配件(需人工),音频待补参数,人工确认类别或补主要参数后可出图
AUDIX,CBLM25,Micros话筒配件,84英寸碳纤维话筒杆,音频配件(需人工),音频待补参数,人工确认类别或补主要参数后可出图
AUDIX,CBLM25,配件,配件,音频配件(需人工),音频待补参数,人工确认类别或补主要参数后可出图
AUDIX,CBLM50,Micros话筒配件,Micros话筒配件,音频配件(需人工),音频待补参数,人工确认类别或补主要参数后可出图
AUDIX,CBLM50,配件,配件,音频配件(需人工),音频待补参数,人工确认类别或补主要参数后可出图
AUDIX,DCLAMP,乐器话筒配件,乐器话筒配件,音频配件(需人工),音频待补参数,人工确认类别或补主要参数后可出图
AUDIX,DCLAMP,配件,配件,音频配件(需人工),音频待补参数,人工确认类别或补主要参数后可出图
AUDIX,DCLIP,乐器话筒配件,乐器话筒配件,音频配件(需人工),音频待补参数,人工确认类别或补主要参数后可出图
AUDIX,DCLIP,录音棚话筒配件,录音棚话筒配件,音频配件(需人工),音频待补参数,人工确认类别或补主要参数后可出图
AUDIX,DCLIP,配件,配件,音频配件(需人工),音频待补参数,人工确认类别或补主要参数后可出图
AUDIX,DFLEX,乐器话筒配件,乐器话筒配件,音频配件(需人工),音频待补参数,人工确认类别或补主要参数后可出图
AUDIX,DFLEX,配件,配件,音频配件(需人工),音频待补参数,人工确认类别或补主要参数后可出图
AUDIX,DFLEXMICRO,Micros话筒配件,Micros话筒配件,音频配件(需人工),音频待补参数,人工确认类别或补主要参数后可出图
AUDIX,DFLEXMICRO,配件,配件,音频配件(需人工),音频待补参数,人工确认类别或补主要参数后可出图
AUDIX,DVICE,乐器话筒配件,乐器话筒配件,音频配件(需人工),音频待补参数,人工确认类别或补主要参数后可出图
AUDIX,DVICE,配件,配件,音频配件(需人工),音频待补参数,人工确认类别或补主要参数后可出图
AUDIX,DVICEMICRO,Micros话筒配件,Micros话筒配件,音频配件(需人工),音频待补参数,人工确认类别或补主要参数后可出图
AUDIX,DVICEMICRO,配件,配件,音频配件(需人工),音频待补参数,人工确认类别或补主要参数后可出图
AUDIX,MC20I,乐器话筒配件,乐器话筒配件,音频配件(需人工),音频待补参数,人工确认类别或补主要参数后可出图
AUDIX,MC20I,配件,配件,音频配件(需人工),音频待补参数,人工确认类别或补主要参数后可出图
AUDIX,MCBOOM,Micros话筒配件,Micros话筒配件,音频配件(需人工),音频待补参数,人工确认类别或补主要参数后可出图
AUDIX,MCBOOM,配件,配件,音频配件(需人工),音频待补参数,人工确认类别或补主要参数后可出图
AUDIX,MCFLUTE,乐器话筒配件,乐器话筒配件,音频配件(需人工),音频待补参数,人工确认类别或补主要参数后可出图
AUDIX,MCFLUTE,配件,配件,音频配件(需人工),音频待补参数,人工确认类别或补主要参数后可出图
AUDIX,MCHANGER,乐器话筒配件,乐器话筒配件,音频配件(需人工),音频待补参数,人工确认类别或补主要参数后可出图
AUDIX,MCHANGER,Micros话筒配件,Micros话筒配件,音频配件(需人工),音频待补参数,人工确认类别或补主要参数后可出图
AUDIX,MCHANGER,配件,配件,音频配件(需人工),音频待补参数,人工确认类别或补主要参数后可出图
AUDIX,MCMICRO,乐器话筒配件,乐器话筒配件,音频配件(需人工),音频待补参数,人工确认类别或补主要参数后可出图
AUDIX,MCMICRO,Micros话筒配件,Micros话筒配件,音频配件(需人工),音频待补参数,人工确认类别或补主要参数后可出图
AUDIX,MCSWIVEL,Micros话筒配件,Micros话筒配件,音频配件(需人工),音频待补参数,人工确认类别或补主要参数后可出图
AUDIX,MCSWIVEL,配件,配件,音频配件(需人工),音频待补参数,人工确认类别或补主要参数后可出图
AUDIX,PD133,有线人声手持话筒配件,有线人声手持话筒配件,音频配件(需人工),音频待补参数,人工确认类别或补主要参数后可出图
AUDIX,PD133,乐器话筒配件,乐器话筒配件,音频配件(需人工),音频待补参数,人工确认类别或补主要参数后可出图
AUDIX,PD133,录音棚话筒配件,录音棚话筒配件,音频配件(需人工),音频待补参数,人工确认类别或补主要参数后可出图
AUDIX,PD133,配件,配件,音频配件(需人工),音频待补参数,人工确认类别或补主要参数后可出图
AUDIX,RMT241,无线系统配件,无线系统配件,音频配件(需人工),音频待补参数,人工确认类别或补主要参数后可出图
AUDIX,RMT241,无线系统配件,无线系统配件,音频配件(需人工),音频待补参数,人工确认类别或补主要参数后可出图
AUDIX,RMT4161,无线系统配件,无线系统配件,音频配件(需人工),音频待补参数,人工确认类别或补主要参数后可出图
AUDIX,RMT4161,无线系统配件,M3连接线缆,音频配件(需人工),音频待补参数,人工确认类别或补主要参数后可出图
AUDIX,RMT42,无线系统配件,无线系统配件,音频配件(需人工),音频待补参数,人工确认类别或补主要参数后可出图
AUDIX,RMT42,无线系统配件,无线系统配件,音频配件(需人工),音频待补参数,人工确认类别或补主要参数后可出图
AUDIX,RMT42 KIT,无线系统配件,无线系统配件,音频配件(需人工),音频待补参数,人工确认类别或补主要参数后可出图
AUDIX,RMT42 KIT,无线系统配件,无线系统配件,音频配件(需人工),音频待补参数,人工确认类别或补主要参数后可出图
AUDIX,SMT19,乐器话筒配件,乐器话筒配件,音频配件(需人工),音频待补参数,人工确认类别或补主要参数后可出图
AUDIX,SMT19,录音棚话筒配件,录音棚话筒配件,音频配件(需人工),音频待补参数,人工确认类别或补主要参数后可出图
AUDIX,SMT19,测试话筒配件,测试话筒配件,音频配件(需人工),音频待补参数,人工确认类别或补主要参数后可出图
AUDIX,SMT19,配件,配件,音频配件(需人工),音频待补参数,人工确认类别或补主要参数后可出图
AUDIX,SMTMICRO,Micros话筒配件,Micros话筒配件,音频配件(需人工),音频待补参数,人工确认类别或补主要参数后可出图
AUDIX,SMTMICRO,配件,配件,音频配件(需人工),音频待补参数,人工确认类别或补主要参数后可出图
AUDIX,STANDMB,Micros话筒配件,Micros话筒配件,音频配件(需人工),音频待补参数,人工确认类别或补主要参数后可出图
AUDIX,STANDMB,配件,配件,音频配件(需人工),音频待补参数,人工确认类别或补主要参数后可出图
AUDIX,TM1CA4231,测试话筒配件,测试话筒配件,音频配件(需人工),音频待补参数,人工确认类别或补主要参数后可出图
AUDIX,WS357PK,有线人声手持话筒配件,有线人声手持话筒配件,音频配件(需人工),音频待补参数,人工确认类别或补主要参数后可出图
AUDIX,WS357PK,配件,配件,音频配件(需人工),音频待补参数,人工确认类别或补主要参数后可出图
Apart,T60,8Ω转100V变压器,MASK支架套件,音频配件(需人工),音频待补参数,人工确认类别或补主要参数后可出图
Community,ENT-FK,ENTASYS吊挂配件,E系列,音频配件(需人工),音频待补参数,人工确认类别或补主要参数后可出图
Community,IUB2082B,紧凑式音箱水平U型吊架,I系列,音频配件(需人工),音频待补参数,人工确认类别或补主要参数后可出图
E-coustic Systems,Site License,软件授权和系统调试费,音箱频处理器,音频配件(需人工),音频待补参数,人工确认类别或补主要参数后可出图
EAW,2041778 Anya Spare Amplifier Service Pack,Anya功放模块备件包,Anya高音单元备件套装,音频配件(需人工),音频待补参数,人工确认类别或补主要参数后可出图
EAW,2044451 Otto Spare Amplifier Service Pack,Otto低音单元备件套装,Otto,音频配件(需人工),音频待补参数,人工确认类别或补主要参数后可出图
EAW,2044452 Otto Spare LF Service Kit (1x LF driver),Otto功放模块备件包,Otto,音频配件(需人工),音频待补参数,人工确认类别或补主要参数后可出图
EAW,2046448 Anna Spare Amplifier Service Pack,Anna功放模块备件包,Anna,音频配件(需人工),音频待补参数,人工确认类别或补主要参数后可出图
EAW,2046449 Anna Spare LF Transducer Service Kit (1x LF driver),Anna低音单元备件套装,Anna,音频配件(需人工),音频待补参数,人工确认类别或补主要参数后可出图
EAW,2046481 Anna Spare HF Transducer Service Kit (8x HF drivers in 1 cluster),Anna高音单元备件套装,Anna,音频配件(需人工),音频待补参数,人工确认类别或补主要参数后可出图
EAW,2046495 Anna Spare MF Transducer Service Kit (1x MF driver),Anna中音单元备件套装,Anna,音频配件(需人工),音频待补参数,人工确认类别或补主要参数后可出图
EAW,AC6 CONNECTING PLATES ACCESSORY,音箱连接安装配件,AC6,音频配件(需人工),音频待补参数,人工确认类别或补主要参数后可出图
EAW,AC6 STINGER KIT,吊挂安装配件,AC6,音频配件(需人工),音频待补参数,人工确认类别或补主要参数后可出图
EAW,AC6 SUBWOOFER STACK PLATE KIT,音箱连接安装配件,AC6,音频配件(需人工),音频待补参数,人工确认类别或补主要参数后可出图
EAW,AC6 WALL BRACKET BLACK,墙面可调安装配件,AC6,音频配件(需人工),音频待补参数,人工确认类别或补主要参数后可出图
EAW,AC6 WALL BRACKET WHITE,墙面可调安装配件,AC6,音频配件(需人工),音频待补参数,人工确认类别或补主要参数后可出图
EAW,Adapter Brackets (2 Per) Black [ACC-ABQX](REQUIRED FOR ANY QX U-BRACKETS),QX U型架适配器，黑色,QX系列配件,音频配件(需人工),音频待补参数,人工确认类别或补主要参数后可出图
EAW,FBX100,吊架,RADIUS系列配件,音频配件(需人工),音频待补参数,人工确认类别或补主要参数后可出图
EAW,FBX200,吊架,RADIUS系列配件,音频配件(需人工),音频待补参数,人工确认类别或补主要参数后可出图
EAW,SBX118F/SB818 GROUNDSTACK KIT,地面堆叠配件,音箱防尘罩,音频配件(需人工),音频待补参数,人工确认类别或补主要参数后可出图
EAW,SBX118F/SB818 GROUNDSTACK KIT,地面堆叠配件,音箱运输车,音频配件(需人工),音频待补参数,人工确认类别或补主要参数后可出图
EAW,UXA4401 RACK MOUNT KIT,功放安装配件,UX系列配件,音频配件(需人工),音频待补参数,人工确认类别或补主要参数后可出图
EAW,UXA4401 Rear Mounting Rails,功放安装配件,UX系列配件,音频配件(需人工),音频待补参数,人工确认类别或补主要参数后可出图
Green-GO,GGO-BC6,6路电池充电器,Green-GO数字内通系统,音频配件(需人工),音频待补参数,人工确认类别或补主要参数后可出图
Green-GO,GGO-NRGP,备用电池,Green-GO数字内通系统,音频配件(需人工),音频待补参数,人工确认类别或补主要参数后可出图
IPS,BF-FBK,BF固定落地安装支架组件（含一组支架组件和纸质包装）,扬声器,音频配件(需人工),音频待补参数,人工确认类别或补主要参数后可出图
IPS,CTSGW01,墨水屏无线网关,CTS智慧屏产品系列,音频配件(需人工),音频待补参数,人工确认类别或补主要参数后可出图
IPS,DIO 4x4安装支架,Dante接口盒机柜安装架,音频接口盒,音频配件(需人工),音频待补参数,人工确认类别或补主要参数后可出图
IPS,DX120-pad-license-v1,可视化控制软件,视频产品,音频配件(需人工),音频待补参数,人工确认类别或补主要参数后可出图
IPS,DX120-pad-license-v1,可视化控制软件,视频产品,音频配件(需人工),音频待补参数,人工确认类别或补主要参数后可出图
IPS,IUH100,吊挂配件,扬声器,音频配件(需人工),音频待补参数,人工确认类别或补主要参数后可出图
IPS,IUH120,吊挂配件,扬声器,音频配件(需人工),音频待补参数,人工确认类别或补主要参数后可出图
IPS,IUH150,吊挂配件,扬声器,音频配件(需人工),音频待补参数,人工确认类别或补主要参数后可出图
IPS,IUV100,吊挂配件,扬声器,音频配件(需人工),音频待补参数,人工确认类别或补主要参数后可出图
IPS,IUV120,吊挂配件,扬声器,音频配件(需人工),音频待补参数,人工确认类别或补主要参数后可出图
IPS,IUV150,吊挂配件,扬声器,音频配件(需人工),音频待补参数,人工确认类别或补主要参数后可出图
IPS,IUV60,吊挂配件,扬声器,音频配件(需人工),音频待补参数,人工确认类别或补主要参数后可出图
IPS,IUV80,吊挂配件,扬声器,音频配件(需人工),音频待补参数,人工确认类别或补主要参数后可出图
IPS,NP-GW,电子桌牌网关,其他会议系统（前级）,音频配件(需人工),音频待补参数,人工确认类别或补主要参数后可出图
IPS,SWK-SE02,融合会议控制器软件加密狗,MT融合会议产品系列,音频配件(需人工),音频待补参数,人工确认类别或补主要参数后可出图
Powersoft,Batformer® 100V,插入式输出变压器,Ottocanali 系列,音频配件(需人工),音频待补参数,人工确认类别或补主要参数后可出图
Powersoft,Batformer® 70V,插入式输出变压器,Ottocanali 系列,音频配件(需人工),音频待补参数,人工确认类别或补主要参数后可出图
Powersoft,Verso,云平台网关,云平台网关,音频配件(需人工),音频待补参数,人工确认类别或补主要参数后可出图
Symetrix,128x128 Dante Channel Pack,128x128 Dante IO扩展升级包,Server D100系列,音频配件(需人工),音频待补参数,人工确认类别或补主要参数后可出图
Symetrix,32 AEC Channel Pack,32路AEC扩展升级包,Server D100系列,音频配件(需人工),音频待补参数,人工确认类别或补主要参数后可出图
Symetrix,32 Playback Channel Pack,32路媒体播放通道升级包,Server D100系列,音频配件(需人工),音频待补参数,人工确认类别或补主要参数后可出图
Symetrix,96 Playback Channel Pack,96路媒体播放通道升级包,Server D100系列,音频配件(需人工),音频待补参数,人工确认类别或补主要参数后可出图
Televic,CoCon Discussion,会议讨论控制软件,CoCon控制软件,音频配件(需人工),音频待补参数,人工确认类别或补主要参数后可出图
Televic,CoCon Interpretation,传译软件,CoCon控制软件,音频配件(需人工),音频待补参数,人工确认类别或补主要参数后可出图
Televic,Cocon Document Management,CoCon文档管理软件,CoCon控制软件,音频配件(需人工),音频待补参数,人工确认类别或补主要参数后可出图
Televic,Confidea BP,单元电池,Confidea无线会议系统,音频配件(需人工),音频待补参数,人工确认类别或补主要参数后可出图
Televic,Confidea BPC,电池充电器,Confidea无线会议系统,音频配件(需人工),音频待补参数,人工确认类别或补主要参数后可出图
Televic,Congressify User License,Congressify 软件,Congressify,音频配件(需人工),音频待补参数,人工确认类别或补主要参数后可出图
WaveCapture,FIR-Capture,测量软件工具,,音频配件(需人工),音频待补参数,人工确认类别或补主要参数后可出图
WaveCapture,Live-Capture Pro,实时现场音响测量软件工具,,音频配件(需人工),音频待补参数,人工确认类别或补主要参数后可出图
WaveCapture,RT-Capture V3,测量软件工具,,音频配件(需人工),音频待补参数,人工确认类别或补主要参数后可出图
WaveCapture,Room-Capture,调试测量软件工具,,音频配件(需人工),音频待补参数,人工确认类别或补主要参数后可出图
WaveCapture,Tuning-Capture Plus,音箱系统调试测试软件工具,,音频配件(需人工),音频待补参数,人工确认类别或补主要参数后可出图
WolfVision,vSolution Matrix Pack,vSolution Matrix功能包,Cynap附件,音频配件(需人工),音频待补参数,人工确认类别或补主要参数后可出图
YAMAHA,DEK-DM7-BR,广播软件包,RIVAGE PM系列,音频配件(需人工),音频待补参数,人工确认类别或补主要参数后可出图
YAMAHA,DEK-DM7-TH,剧院软件包,RIVAGE PM系列,音频配件(需人工),音频待补参数,人工确认类别或补主要参数后可出图
YAMAHA,DEK-DSP-RX,调音台处理引擎升级包,RIVAGE PM系列,音频配件(需人工),音频待补参数,人工确认类别或补主要参数后可出图
ezCloud,SWK-SE01,ezCloud软件系统加密狗,服务端（一个项目一般配一组，如A组、B组）,音频配件(需人工),音频待补参数,人工确认类别或补主要参数后可出图
ezCloud,SWK-SE01,ezCloud软件系统加密狗,服务端（一个项目一般配一组，如A组、B组）,音频配件(需人工),音频待补参数,人工确认类别或补主要参数后可出图
ezCloud,SWK-UK01,软件交付U盘,服务端（一个项目一般配一组，如A组、B组）,音频配件(需人工),音频待补参数,人工确认类别或补主要参数后可出图
ezCloud,SWK-UK01,软件交付U盘,服务端（一个项目一般配一组，如A组、B组）,音频配件(需人工),音频待补参数,人工确认类别或补主要参数后可出图
ezacoustics,AQUA-ADAP,音箱支架连接适配件,AQUA系列安装配件,音频配件(需人工),音频待补参数,人工确认类别或补主要参数后可出图
ezacoustics,CSMPT,吊挂配件,AQUA系列安装配件,音频配件(需人工),音频待补参数,人工确认类别或补主要参数后可出图
ezacoustics,FIS-UH12,吊挂配件,FIS V2系列安装配件,音频配件(需人工),音频待补参数,人工确认类别或补主要参数后可出图
ezacoustics,FIS-UH12-W,吊挂配件(白色),FIS V2系列安装配件,音频配件(需人工),音频待补参数,人工确认类别或补主要参数后可出图
ezacoustics,FIS-UH12WP,全天候吊挂配件,FIS V2系列安装配件,音频配件(需人工),音频待补参数,人工确认类别或补主要参数后可出图
ezacoustics,FIS-UH15,吊挂配件,FIS V2系列安装配件,音频配件(需人工),音频待补参数,人工确认类别或补主要参数后可出图
ezacoustics,FIS-UH15-W,吊挂配件(白色),FIS V2系列安装配件,音频配件(需人工),音频待补参数,人工确认类别或补主要参数后可出图
ezacoustics,FIS-UH15WP,全天候吊挂配件,FIS V2系列安装配件,音频配件(需人工),音频待补参数,人工确认类别或补主要参数后可出图
ezacoustics,FIS-UH32,吊挂配件,FIS V2系列安装配件,音频配件(需人工),音频待补参数,人工确认类别或补主要参数后可出图
ezacoustics,FIS-UH32-W,吊挂配件(白色),FIS V2系列安装配件,音频配件(需人工),音频待补参数,人工确认类别或补主要参数后可出图
ezacoustics,FIS-UH32WP,全天候吊挂配件,FIS V2系列安装配件,音频配件(需人工),音频待补参数,人工确认类别或补主要参数后可出图
ezacoustics,FIS-UH35,吊挂配件,FIS V2系列安装配件,音频配件(需人工),音频待补参数,人工确认类别或补主要参数后可出图
ezacoustics,FIS-UH35-W,吊挂配件(白色),FIS V2系列安装配件,音频配件(需人工),音频待补参数,人工确认类别或补主要参数后可出图
ezacoustics,FIS-UH35WP,全天候吊挂配件,FIS V2系列安装配件,音频配件(需人工),音频待补参数,人工确认类别或补主要参数后可出图
ezacoustics,FIS-UV12,吊挂配件,FIS V2系列安装配件,音频配件(需人工),音频待补参数,人工确认类别或补主要参数后可出图
ezacoustics,FIS-UV12-W,吊挂配件(白色),FIS V2系列安装配件,音频配件(需人工),音频待补参数,人工确认类别或补主要参数后可出图
ezacoustics,FIS-UV12WP,全天候吊挂配件,FIS V2系列安装配件,音频配件(需人工),音频待补参数,人工确认类别或补主要参数后可出图
ezacoustics,FIS-UV15,吊挂配件,FIS V2系列安装配件,音频配件(需人工),音频待补参数,人工确认类别或补主要参数后可出图
ezacoustics,FIS-UV15-W,吊挂配件(白色),FIS V2系列安装配件,音频配件(需人工),音频待补参数,人工确认类别或补主要参数后可出图
ezacoustics,FIS-UV15WP,全天候吊挂配件,FIS V2系列安装配件,音频配件(需人工),音频待补参数,人工确认类别或补主要参数后可出图
ezacoustics,FIS-UV32,吊挂配件,FIS V2系列安装配件,音频配件(需人工),音频待补参数,人工确认类别或补主要参数后可出图
ezacoustics,FIS-UV32-W,吊挂配件(白色),FIS V2系列安装配件,音频配件(需人工),音频待补参数,人工确认类别或补主要参数后可出图
ezacoustics,FIS-UV32WP,全天候吊挂配件,FIS V2系列安装配件,音频配件(需人工),音频待补参数,人工确认类别或补主要参数后可出图
ezacoustics,FIS-UV35,吊挂配件,FIS V2系列安装配件,音频配件(需人工),音频待补参数,人工确认类别或补主要参数后可出图
ezacoustics,FIS-UV35-W,吊挂配件(白色),FIS V2系列安装配件,音频配件(需人工),音频待补参数,人工确认类别或补主要参数后可出图
ezacoustics,FIS-UV35WP,全天候吊挂配件,FIS V2系列安装配件,音频配件(需人工),音频待补参数,人工确认类别或补主要参数后可出图
ezacoustics,FISHFR,吊挂配件,FIS V2系列安装配件,音频配件(需人工),音频待补参数,人工确认类别或补主要参数后可出图
ezacoustics,FISHFRW,吊挂配件(白色),FIS V2系列安装配件,音频配件(需人工),音频待补参数,人工确认类别或补主要参数后可出图
ezacoustics,FISHFRWP,全天候吊挂配件,FIS V2系列安装配件,音频配件(需人工),音频待补参数,人工确认类别或补主要参数后可出图
ezacoustics,FISVFR,吊挂配件,FIS V2系列安装配件,音频配件(需人工),音频待补参数,人工确认类别或补主要参数后可出图
ezacoustics,FISVFRW,吊挂配件(白色),FIS V2系列安装配件,音频配件(需人工),音频待补参数,人工确认类别或补主要参数后可出图
ezacoustics,FISVFRWP,全天候吊挂配件,FIS V2系列安装配件,音频配件(需人工),音频待补参数,人工确认类别或补主要参数后可出图
ezacoustics,IMC-UH12,吊挂配件,IMC系列安装配件,音频配件(需人工),音频待补参数,人工确认类别或补主要参数后可出图
ezacoustics,IMC-UH8,吊挂配件,IMC系列安装配件,音频配件(需人工),音频待补参数,人工确认类别或补主要参数后可出图
ezacoustics,IMC-UV12,吊挂配件,IMC系列安装配件,音频配件(需人工),音频待补参数,人工确认类别或补主要参数后可出图
ezacoustics,IMC-UV8,吊挂配件,IMC系列安装配件,音频配件(需人工),音频待补参数,人工确认类别或补主要参数后可出图
ezacoustics,SLVFB,线阵列扬声器吊架,SL系列吊装配件,音频配件(需人工),音频待补参数,人工确认类别或补主要参数后可出图
ezacoustics,THL10-FBV2,线阵列扬声器吊架,THL系列吊装配件,音频配件(需人工),音频待补参数,人工确认类别或补主要参数后可出图
ezacoustics,THL12-FBV2,线阵列扬声器吊架,THL系列吊装配件,音频配件(需人工),音频待补参数,人工确认类别或补主要参数后可出图
ezacoustics,THL8-FBV2,线阵列扬声器吊架,THL系列吊装配件,音频配件(需人工),音频待补参数,人工确认类别或补主要参数后可出图
ezacoustics,THP12-RB1,加固配件,THP系列安装配件,音频配件(需人工),音频待补参数,人工确认类别或补主要参数后可出图
ezacoustics,THP12-RB2,加固配件,THP系列安装配件,音频配件(需人工),音频待补参数,人工确认类别或补主要参数后可出图
ezacoustics,TS巡演机柜组,巡演机柜组,巡演系列功放机柜及辅材,音频配件(需人工),音频待补参数,人工确认类别或补主要参数后可出图
ezacoustics,TS机柜,功放机柜,巡演系列功放机柜及辅材,音频配件(需人工),音频待补参数,人工确认类别或补主要参数后可出图
ezacoustics,VHL10FB,线阵列扬声器吊架,VH系列吊装配件,音频配件(需人工),音频待补参数,人工确认类别或补主要参数后可出图
ezacoustics,VHL12FB,线阵列扬声器吊架,VH系列吊装配件,音频配件(需人工),音频待补参数,人工确认类别或补主要参数后可出图
ezacoustics,VHL6FB,线阵列扬声器吊架,VH系列吊装配件,音频配件(需人工),音频待补参数,人工确认类别或补主要参数后可出图
ezacoustics,VHL8FB,线阵列扬声器吊架,VH系列吊装配件,音频配件(需人工),音频待补参数,人工确认类别或补主要参数后可出图
ezacoustics,W12MU,监听扬声器配件,WM系列安装配件,音频配件(需人工),音频待补参数,人工确认类别或补主要参数后可出图
ezacoustics,W8MU,监听扬声器配件,WM系列安装配件,音频配件(需人工),音频待补参数,人工确认类别或补主要参数后可出图
国产优质,EAW-AC6 Bracket Black-1P,吊挂安装配件,AC6,音频配件(需人工),音频待补参数,人工确认类别或补主要参数后可出图
国产优质,EAW-AC6 Bracket Black-2P,吊挂安装配件,AC6,音频配件(需人工),音频待补参数,人工确认类别或补主要参数后可出图
国产优质,EAW-AC6 Bracket Black-3P,吊挂安装配件,AC6,音频配件(需人工),音频待补参数,人工确认类别或补主要参数后可出图
国产优质,EAW-AC6 SUBWOOFER STACK PLATE KIT,音箱连接安装配件,AC6,音频配件(需人工),音频待补参数,人工确认类别或补主要参数后可出图
国产优质,EAW-AC6 WALL BRACKET BLACK,墙面可调安装配件,AC6,音频配件(需人工),音频待补参数,人工确认类别或补主要参数后可出图
国产优质,EAW-AC6-CONNECTING PLATE,音箱连接安装配件,AC6,音频配件(需人工),音频待补参数,人工确认类别或补主要参数后可出图
国产优质,EAW-ACC-ABQX Black,QX U型架适配器，黑色,QX118/QX5XX水平U型架，白色,音频配件(需人工),音频待补参数,人工确认类别或补主要参数后可出图
国产优质,EAW-ACC-ABQX White,QX U型架适配器，白色,QX118/QX5XX水平U型架，白色,音频配件(需人工),音频待补参数,人工确认类别或补主要参数后可出图
定制,定制,软件定制开发,服务端（一个项目一般配一组，如A组、B组）,音频配件(需人工),音频待补参数,人工确认类别或补主要参数后可出图
定制,定制,软件定制开发,服务端（一个项目一般配一组，如A组、B组）,音频配件(需人工),音频待补参数,人工确认类别或补主要参数后可出图
软件,SWA30001,智慧控制屏软件,DP控制器产品系列,音频配件(需人工),音频待补参数,人工确认类别或补主要参数后可出图
软件,V2.0,智慧信息屏软件,CTS智慧屏产品系列,音频配件(需人工),音频待补参数,人工确认类别或补主要参数后可出图
软件,V2.0,智慧会议指引屏软件,CTS智慧屏产品系列,音频配件(需人工),音频待补参数,人工确认类别或补主要参数后可出图
软件,V2.0,融合会议控制器软件,MT融合会议产品系列,音频配件(需人工),音频待补参数,人工确认类别或补主要参数后可出图
